Vehicle_Name,Name,Price($),StockType,Distance from 30332,Dealership
2022 Toyota Corolla,2022 Toyota Corolla Hybrid LE,"$27,658",New, mi. from 30332,Jim Ellis Toyota of McDonough
2021 Toyota RAV4,2021 Toyota RAV4 LE,Not Priced,New,156 mi. from 30332,Serra Toyota of Decatur
2021 Toyota RAV4,2021 Toyota RAV4 Hybrid XLE Premium,Not Priced,New,161 mi. from 30332,Fred Anderson Toyota of Asheville
2021 Toyota Tundra,2021 Toyota Tundra ,Not Priced,New,18 mi. from 30332,Stone Mountain Toyota
2022 Toyota Tacoma,2022 Toyota Tacoma ,"$40,464",New,18 mi. from 30332,Nalley Toyota of Roswell
2021 Toyota RAV4,2021 Toyota RAV4 XLE,Not Priced,New,18 mi. from 30332,Stone Mountain Toyota
2022 Toyota Highlander,2022 Toyota Highlander XSE,"$46,296",New,17 mi. from 30332,Nalley Toyota Stonecrest
2022 Toyota Camry,2022 Toyota Camry XSE,"$37,948",New,17 mi. from 30332,Nalley Toyota Stonecrest
2021 Toyota RAV4,2021 Toyota RAV4 Hybrid XLE Premium,Not Priced,New,161 mi. from 30332,Fred Anderson Toyota of Asheville
2021 Toyota RAV4,2021 Toyota RAV4 XLE Premium,Not Priced,New,156 mi. from 30332,Serra Toyota of Decatur
2021 Toyota RAV4,2021 Toyota RAV4 XLE,Not Priced,New,156 mi. from 30332,Serra Toyota of Decatur
2022 Toyota Tacoma,2022 Toyota Tacoma TRD Off Road,"$40,511",New,17 mi. from 30332,Nalley Toyota Union City
2021 Toyota RAV4,2021 Toyota RAV4 XLE,"$33,014",New,17 mi. from 30332,Nalley Toyota Stonecrest
2021 Toyota RAV4,2021 Toyota RAV4 TRD Off Road,"$38,628",New,17 mi. from 30332,Nalley Toyota Stonecrest
2022 Toyota Camry,2022 Toyota Camry XSE,"$37,844",New,17 mi. from 30332,Nalley Toyota Stonecrest
2021 Toyota RAV4,2021 Toyota RAV4 XLE,"$30,857",New,17 mi. from 30332,Nalley Toyota Stonecrest
2022 Toyota 4Runner,2022 Toyota 4Runner SR5 Premium,"$43,726",New,17 mi. from 30332,Nalley Toyota Stonecrest
2021 Toyota C-HR,2021 Toyota C-HR Nightshade,"$26,142",New,145 mi. from 30332,Limbaugh Toyota
2021 Toyota RAV4,2021 Toyota RAV4 Hybrid XLE,"$34,230",New,13 mi. from 30332,Marietta Toyota
2022 Toyota Camry,2022 Toyota Camry XSE,"$38,566",New,17 mi. from 30332,Nalley Toyota Stonecrest
2022 Toyota Highlander,2022 Toyota Highlander XLE,"$42,685",New,181 mi. from 30332,Cumberland Auto Center
2021 Toyota RAV4,2021 Toyota RAV4 XLE,Not Priced,New,156 mi. from 30332,Serra Toyota of Decatur
2021 Toyota RAV4,2021 Toyota RAV4 XLE,Not Priced,New,156 mi. from 30332,Serra Toyota of Decatur
2021 Toyota RAV4,2021 Toyota RAV4 XLE,Not Priced,New,156 mi. from 30332,Serra Toyota of Decatur
2021 Toyota RAV4,2021 Toyota RAV4 Hybrid XSE,"$40,815",New,17 mi. from 30332,Nalley Toyota Stonecrest
2022 Toyota 4Runner,2022 Toyota 4Runner TRD Off Road Premium,"$48,094",New,18 mi. from 30332,Nalley Toyota of Roswell
2022 Toyota Avalon,2022 Toyota Avalon Touring,"$47,525",New,35 mi. from 30332,AutoNation Toyota Mall of Georgia
2022 Toyota 4Runner,2022 Toyota 4Runner SR5 Premium,"$47,506",New,18 mi. from 30332,Nalley Toyota of Roswell
2021 Toyota RAV4,2021 Toyota RAV4 XLE Premium,Not Priced,New,156 mi. from 30332,Serra Toyota of Decatur
2022 Toyota Tacoma,2022 Toyota Tacoma SR,Not Priced,New,188 mi. from 30332,Toyota of Murfreesboro
2022 Toyota Avalon,2022 Toyota Avalon Touring,"$45,255",New,17 mi. from 30332,Nalley Toyota Stonecrest
2022 Toyota Camry,2022 Toyota Camry XSE,Not Priced,New,31 mi. from 30332,Toyota of Newnan
2022 Toyota Camry,2022 Toyota Camry XSE,"$37,425",New,123 mi. from 30332,Pitts Toyota
2021 Toyota RAV4,2021 Toyota RAV4 XLE Premium,Not Priced,New,133 mi. from 30332,Serra Toyota
2022 Toyota Camry,2022 Toyota Camry TRD,"$35,781",New,123 mi. from 30332,Pitts Toyota
2021 Toyota RAV4,2021 Toyota RAV4 XLE,Not Priced,New,156 mi. from 30332,Serra Toyota of Decatur
2021 Toyota RAV4,2021 Toyota RAV4 XLE Premium,Not Priced,New,156 mi. from 30332,Serra Toyota of Decatur
2022 Toyota Camry,2022 Toyota Camry XLE,Not Priced,New,31 mi. from 30332,Toyota of Newnan
2022 Toyota 4Runner,2022 Toyota 4Runner TRD Off Road Premium,"$53,002",New,197 mi. from 30332,Roberts Toyota
2021 Toyota RAV4,2021 Toyota RAV4 XLE,Not Priced,New,156 mi. from 30332,Serra Toyota of Decatur
2022 Toyota Avalon,2022 Toyota Avalon XLE,"$38,053",New,181 mi. from 30332,Cumberland Auto Center
2022 Toyota Corolla,2022 Toyota Corolla Hybrid LE,"$25,424",New,161 mi. from 30332,Fox Toyota
2022 Toyota Corolla,2022 Toyota Corolla LE,"$22,828",New,17 mi. from 30332,Nalley Toyota Stonecrest
2021 Toyota RAV4,2021 Toyota RAV4 LE,Not Priced,New,156 mi. from 30332,Serra Toyota of Decatur
2021 Toyota RAV4,2021 Toyota RAV4 TRD Off Road,Not Priced,New,21 mi. from 30332,Atlanta Toyota
2022 Toyota Highlander,2022 Toyota Highlander XLE,Not Priced,New,153 mi. from 30332,John Roberts Toyota
2021 Toyota RAV4,2021 Toyota RAV4 XLE,Not Priced,New,18 mi. from 30332,Stone Mountain Toyota
2021 Toyota RAV4,2021 Toyota RAV4 XLE,Not Priced,New,161 mi. from 30332,Fred Anderson Toyota of Asheville
2021 Toyota RAV4,2021 Toyota RAV4 LE,"$31,829",New,197 mi. from 30332,Roberts Toyota
2022 Toyota Highlander,2022 Toyota Highlander XLE,"$43,146",New,13 mi. from 30332,Marietta Toyota
2022 Toyota Corolla,2022 Toyota Corolla Hybrid LE,"$26,252",New,157 mi. from 30332,Landers McLarty Toyota
2022 Toyota Camry,2022 Toyota Camry SE,"$29,241",New,191 mi. from 30332,Bondy's Toyota of Enterprise
2021 Toyota RAV4,2021 Toyota RAV4 XLE,Not Priced,New,156 mi. from 30332,Serra Toyota of Decatur
2021 Toyota RAV4,2021 Toyota RAV4 Hybrid XLE,"$34,104",New,13 mi. from 30332,Marietta Toyota
2022 Toyota Camry,2022 Toyota Camry XSE,Not Priced,New,31 mi. from 30332,Toyota of Newnan
2022 Toyota Tacoma,2022 Toyota Tacoma SR,Not Priced,New,188 mi. from 30332,Toyota of Murfreesboro
2022 Toyota 4Runner,2022 Toyota 4Runner SR5 Premium,"$47,727",New,17 mi. from 30332,Nalley Toyota Union City
2022 Toyota Tacoma,2022 Toyota Tacoma SR,Not Priced,New,188 mi. from 30332,Toyota of Murfreesboro
2022 Toyota Tacoma,2022 Toyota Tacoma SR,Not Priced,New,188 mi. from 30332,Toyota of Murfreesboro
2022 Toyota 4Runner,2022 Toyota 4Runner SR5 Premium,"$48,096",New,18 mi. from 30332,Nalley Toyota of Roswell
2021 Toyota RAV4,2021 Toyota RAV4 TRD Off Road,Not Priced,New,21 mi. from 30332,Atlanta Toyota
2022 Toyota Tacoma,2022 Toyota Tacoma TRD Off Road,"$45,266",New,161 mi. from 30332,Fox Toyota
2021 Toyota RAV4,2021 Toyota RAV4 XLE Premium,Not Priced,New,156 mi. from 30332,Serra Toyota of Decatur
2021 Toyota Avalon,2021 Toyota Avalon Hybrid Limited,Not Priced,New,18 mi. from 30332,Stone Mountain Toyota
2022 Toyota Tacoma,2022 Toyota Tacoma SR5,"$41,665",New,13 mi. from 30332,Marietta Toyota
2021 Toyota RAV4,2021 Toyota RAV4 XLE,Not Priced,New,188 mi. from 30332,Toyota of Murfreesboro
2022 Toyota 4Runner,2022 Toyota 4Runner TRD Off Road Premium,"$53,533",New,197 mi. from 30332,Roberts Toyota
2022 Toyota Highlander,2022 Toyota Highlander XLE,"$44,874",New,17 mi. from 30332,Nalley Toyota Union City
2022 Toyota 4Runner,2022 Toyota 4Runner Limited,"$48,162",New,17 mi. from 30332,Nalley Toyota Stonecrest
2022 Toyota Camry,2022 Toyota Camry XSE V6,"$35,230",New,145 mi. from 30332,Limbaugh Toyota
2022 Toyota 4Runner,2022 Toyota 4Runner SR5 Premium,"$45,039",New,161 mi. from 30332,Fox Toyota
2022 Toyota 4Runner,2022 Toyota 4Runner SR5 Premium,"$47,386",New,161 mi. from 30332,Fox Toyota
2021 Toyota Tacoma,2021 Toyota Tacoma SR5,"$38,590",New,123 mi. from 30332,Pitts Toyota
2021 Toyota C-HR,2021 Toyota C-HR XLE,"$25,178",New,17 mi. from 30332,Nalley Toyota Union City
2022 Toyota Corolla,2022 Toyota Corolla SE,"$25,499",New,18 mi. from 30332,Nalley Toyota of Roswell
2022 Toyota Corolla,2022 Toyota Corolla Hybrid LE,"$27,658",New,27 mi. from 30332,Jim Ellis Toyota of McDonough
2021 Toyota RAV4,2021 Toyota RAV4 LE,"$29,251",New,14 mi. from 30332,AutoNation Toyota Thornton Road
2022 Toyota Tacoma,2022 Toyota Tacoma SR5,"$35,572",New,13 mi. from 30332,Marietta Toyota
2022 Toyota Camry,2022 Toyota Camry LE,"$28,901",New,157 mi. from 30332,Landers McLarty Toyota
2021 Toyota RAV4,2021 Toyota RAV4 XLE,"$30,349",New,17 mi. from 30332,Nalley Toyota Union City
2021 Toyota Venza,2021 Toyota Venza XLE,Not Priced,New,156 mi. from 30332,Serra Toyota of Decatur
2022 Toyota Camry,2022 Toyota Camry LE,"$28,076",New,18 mi. from 30332,Nalley Toyota of Roswell
2022 Toyota Highlander,2022 Toyota Highlander XLE,Not Priced,New,161 mi. from 30332,Fred Anderson Toyota of Asheville
2022 Toyota 4Runner,2022 Toyota 4Runner SR5 Premium,"$46,276",New,145 mi. from 30332,Limbaugh Toyota
2021 Toyota Venza,2021 Toyota Venza XLE,Not Priced,New,156 mi. from 30332,Serra Toyota of Decatur
2022 Toyota Tacoma,2022 Toyota Tacoma SR5,"$38,479",New,27 mi. from 30332,Jim Ellis Toyota of McDonough
2022 Toyota Camry,2022 Toyota Camry XSE,Not Priced,New,21 mi. from 30332,Atlanta Toyota
2021 Toyota RAV4,2021 Toyota RAV4 TRD Off Road,"$39,890",New,17 mi. from 30332,Nalley Toyota Union City
2021 Toyota RAV4,2021 Toyota RAV4 Hybrid XLE,Not Priced,New,21 mi. from 30332,Atlanta Toyota
2022 Toyota 4Runner,2022 Toyota 4Runner TRD Off Road Premium,Not Priced,New,133 mi. from 30332,Serra Toyota
2022 Toyota Highlander,2022 Toyota Highlander Platinum,"$52,027",New,123 mi. from 30332,Pitts Toyota
2022 Toyota Camry,2022 Toyota Camry XSE,"$38,545",New,35 mi. from 30332,AutoNation Toyota Mall of Georgia
2022 Toyota Camry,2022 Toyota Camry XSE,Not Priced,New,83 mi. from 30332,Five Star Toyota of Milledgeville
2021 Toyota RAV4,2021 Toyota RAV4 LE,"$33,420",New,197 mi. from 30332,Roberts Toyota
2021 Toyota Venza,2021 Toyota Venza XLE,"$41,770",New,123 mi. from 30332,Pitts Toyota
2021 Toyota RAV4,2021 Toyota RAV4 Hybrid XLE,Not Priced,New,161 mi. from 30332,Fred Anderson Toyota of Asheville
2022 Toyota 4Runner,2022 Toyota 4Runner SR5 Premium,"$47,361",New,145 mi. from 30332,Limbaugh Toyota
2021 Toyota RAV4,2021 Toyota RAV4 Hybrid LE,"$32,375",New,18 mi. from 30332,Nalley Toyota of Roswell
2022 Toyota Tacoma,2022 Toyota Tacoma SR5,"$38,479",New, mi. from 30332,Jim Ellis Toyota of McDonough
2022 Toyota Corolla,2022 Toyota Corolla LE,"$22,954",New,123 mi. from 30332,Pitts Toyota
2022 Toyota 4Runner,2022 Toyota 4Runner Limited,Not Priced,New,133 mi. from 30332,Serra Toyota
2022 Toyota Corolla,2022 Toyota Corolla LE,"$23,154",New,123 mi. from 30332,Pitts Toyota
2022 Toyota Avalon,2022 Toyota Avalon Hybrid XSE,"$43,238",New,181 mi. from 30332,Cumberland Auto Center
2021 Toyota Venza,2021 Toyota Venza LE,"$35,162",New,14 mi. from 30332,AutoNation Toyota Thornton Road
2021 Toyota C-HR,2021 Toyota C-HR XLE,Not Priced,New,156 mi. from 30332,Serra Toyota of Decatur
2021 Toyota C-HR,2021 Toyota C-HR XLE,Not Priced,New,156 mi. from 30332,Serra Toyota of Decatur
2022 Toyota 4Runner,2022 Toyota 4Runner Limited,"$51,963",New,145 mi. from 30332,Limbaugh Toyota
2022 Toyota Camry,2022 Toyota Camry XSE,"$35,031",New,134 mi. from 30332,George Ballentine Ford Lincoln Toyota
2021 Toyota RAV4,2021 Toyota RAV4 Hybrid XLE,"$40,128",New,197 mi. from 30332,Roberts Toyota
2021 Toyota RAV4,2021 Toyota RAV4 Hybrid XLE Premium,"$40,165",New,13 mi. from 30332,Marietta Toyota
2021 Toyota RAV4,2021 Toyota RAV4 XLE Premium,Not Priced,New,156 mi. from 30332,Serra Toyota of Decatur
2022 Toyota Highlander,2022 Toyota Highlander Limited,"$46,732",New,13 mi. from 30332,Marietta Toyota
2022 Toyota 4Runner,2022 Toyota 4Runner SR5,Not Priced,New,83 mi. from 30332,Five Star Toyota of Milledgeville
2022 Toyota 4Runner,2022 Toyota 4Runner Sport,"$48,975",New,157 mi. from 30332,Landers McLarty Toyota
2022 Toyota Sienna,2022 Toyota Sienna XLE 8 Passenger,"$43,239",New,123 mi. from 30332,Pitts Toyota
2022 Toyota Camry,2022 Toyota Camry XSE,"$37,612",New,27 mi. from 30332,Jim Ellis Toyota of McDonough
2022 Toyota 4Runner,2022 Toyota 4Runner SR5 Premium,"$50,039",New,197 mi. from 30332,Roberts Toyota
2022 Toyota Corolla,2022 Toyota Corolla Cross XLE,"$28,671",New,17 mi. from 30332,Nalley Toyota Union City
2021 Toyota RAV4,2021 Toyota RAV4 Hybrid XLE Premium,"$35,868",New,161 mi. from 30332,Fox Toyota
2022 Toyota Camry,2022 Toyota Camry XSE,"$37,097",New,13 mi. from 30332,Marietta Toyota
2022 Toyota Sienna,2022 Toyota Sienna LE,"$37,315",New,27 mi. from 30332,Jim Ellis Toyota of McDonough
2022 Toyota Camry,2022 Toyota Camry XSE,"$39,542",New,27 mi. from 30332,Jim Ellis Toyota of McDonough
2022 Toyota 4Runner,2022 Toyota 4Runner Limited,"$51,739",New,27 mi. from 30332,Jim Ellis Toyota of McDonough
2022 Toyota 4Runner,2022 Toyota 4Runner Sport,"$51,373",New,197 mi. from 30332,Roberts Toyota
2021 Toyota Venza,2021 Toyota Venza XLE,"$37,684",New,161 mi. from 30332,Fox Toyota
2022 Toyota 4Runner,2022 Toyota 4Runner SR5 Premium,Not Priced,New,133 mi. from 30332,Serra Toyota
2021 Toyota RAV4,2021 Toyota RAV4 LE,"$30,054",New,161 mi. from 30332,Fox Toyota
2022 Toyota 4Runner,2022 Toyota 4Runner SR5 Premium,"$49,607",New,197 mi. from 30332,Roberts Toyota
2021 Toyota RAV4,2021 Toyota RAV4 LE,Not Priced,New,133 mi. from 30332,Serra Toyota
2022 Toyota 4Runner,2022 Toyota 4Runner SR5 Premium,"$46,713",New,157 mi. from 30332,Landers McLarty Toyota
2021 Toyota RAV4,2021 Toyota RAV4 XLE Premium,"$37,934",New,197 mi. from 30332,Roberts Toyota
2021 Toyota RAV4,2021 Toyota RAV4 XLE,"$31,714",New,17 mi. from 30332,Nalley Toyota Union City
2022 Toyota Corolla,2022 Toyota Corolla LE,Not Priced,New,18 mi. from 30332,Stone Mountain Toyota
2022 Toyota Camry,2022 Toyota Camry LE,"$28,495",New,35 mi. from 30332,AutoNation Toyota Mall of Georgia
2021 Toyota RAV4,2021 Toyota RAV4 XLE Premium,Not Priced,New,31 mi. from 30332,Toyota of Newnan
2022 Toyota 4Runner,2022 Toyota 4Runner SR5 Premium,"$48,017",New,157 mi. from 30332,Landers McLarty Toyota
2022 Toyota 4Runner,2022 Toyota 4Runner SR5 Premium,"$50,247",New,197 mi. from 30332,Roberts Toyota
2022 Toyota 4Runner,2022 Toyota 4Runner Limited,"$55,853",New,197 mi. from 30332,Roberts Toyota
2022 Toyota Avalon,2022 Toyota Avalon Hybrid XSE Nightshade,"$43,369",New,18 mi. from 30332,Nalley Toyota of Roswell
2022 Toyota Tacoma,2022 Toyota Tacoma TRD Off Road,"$42,377",New,145 mi. from 30332,Limbaugh Toyota
2022 Toyota Highlander,2022 Toyota Highlander XLE,"$45,019",New,13 mi. from 30332,Marietta Toyota
2022 Toyota 4Runner,2022 Toyota 4Runner Sport,"$48,341",New,157 mi. from 30332,Landers McLarty Toyota
2021 Toyota RAV4,2021 Toyota RAV4 XLE,"$30,349",New,14 mi. from 30332,AutoNation Toyota Thornton Road
2022 Toyota Prius,2022 Toyota Prius Nightshade,Not Priced,New,83 mi. from 30332,Five Star Toyota of Milledgeville
2022 Toyota Highlander,2022 Toyota Highlander XSE,Not Priced,New,98 mi. from 30332,Team One Toyota
2021 Toyota Sienna,2021 Toyota Sienna LE,"$37,040",New,157 mi. from 30332,Landers McLarty Toyota
2022 Toyota 4Runner,2022 Toyota 4Runner SR5 Premium,Not Priced,New,161 mi. from 30332,Fred Anderson Toyota of Asheville
2021 Toyota Avalon,2021 Toyota Avalon Limited,"$47,088",New,14 mi. from 30332,AutoNation Toyota Thornton Road
2022 Toyota Camry,2022 Toyota Camry XSE,"$37,532",New,27 mi. from 30332,Jim Ellis Toyota of McDonough
2021 Toyota RAV4,2021 Toyota RAV4 Limited,Not Priced,New,18 mi. from 30332,Stone Mountain Toyota
2022 Toyota Tacoma,2022 Toyota Tacoma SR5,Not Priced,New,156 mi. from 30332,Serra Toyota of Decatur
2022 Toyota Tacoma,2022 Toyota Tacoma TRD Off Road,"$50,296",New,197 mi. from 30332,Roberts Toyota
2022 Toyota Tacoma,2022 Toyota Tacoma SR5,"$41,729",New,13 mi. from 30332,Marietta Toyota
2022 Toyota Camry,2022 Toyota Camry XSE,Not Priced,New,153 mi. from 30332,John Roberts Toyota
2021 Toyota RAV4,2021 Toyota RAV4 Hybrid XLE,"$32,839",New,13 mi. from 30332,Marietta Toyota
2021 Toyota Tundra,2021 Toyota Tundra SR5,Not Priced,New,18 mi. from 30332,Stone Mountain Toyota
2021 Toyota Tacoma,2021 Toyota Tacoma SR5,"$37,167",New,14 mi. from 30332,AutoNation Toyota Thornton Road
2022 Toyota Corolla,2022 Toyota Corolla LE,"$23,553",New,17 mi. from 30332,Nalley Toyota Stonecrest
2021 Toyota Highlander,2021 Toyota Highlander XSE,Not Priced,New,133 mi. from 30332,Serra Toyota
2022 Toyota Avalon,2022 Toyota Avalon Touring,"$45,674",New,161 mi. from 30332,Bryan Easler Toyota
2021 Toyota RAV4,2021 Toyota RAV4 LE,"$28,195",New,181 mi. from 30332,Cumberland Auto Center
2022 Toyota Camry,2022 Toyota Camry XSE,"$33,230",New,156 mi. from 30332,Serra Toyota of Decatur
2022 Toyota Camry,2022 Toyota Camry Hybrid XLE,"$35,394",New,161 mi. from 30332,Bryan Easler Toyota
2022 Toyota 4Runner,2022 Toyota 4Runner SR5 Premium,Not Priced,New,161 mi. from 30332,Fred Anderson Toyota of Asheville
2022 Toyota Camry,2022 Toyota Camry Hybrid XLE,"$35,141",New,14 mi. from 30332,AutoNation Toyota Thornton Road
2021 Toyota Tundra,2021 Toyota Tundra SR5,"$41,413",New,14 mi. from 30332,AutoNation Toyota Thornton Road
2021 Toyota Tundra,2021 Toyota Tundra SR5,Not Priced,New,17 mi. from 30332,Nalley Toyota Stonecrest
2022 Toyota Tacoma,2022 Toyota Tacoma TRD Sport,"$45,770",New,18 mi. from 30332,Nalley Toyota of Roswell
2022 Toyota Camry,2022 Toyota Camry XSE,Not Priced,New,21 mi. from 30332,Atlanta Toyota
2022 Toyota Sienna,2022 Toyota Sienna XLE,Not Priced,New,21 mi. from 30332,Atlanta Toyota
2022 Toyota Avalon,2022 Toyota Avalon Hybrid Limited,Not Priced,New,34 mi. from 30332,Cherokee County Toyota
2022 Toyota 4Runner,2022 Toyota 4Runner TRD Sport,Not Priced,New,98 mi. from 30332,Team One Toyota
2022 Toyota 4Runner,2022 Toyota 4Runner TRD Sport,"$45,037",New,123 mi. from 30332,Pitts Toyota
2022 Toyota Sienna,2022 Toyota Sienna XLE 8 Passenger,"$42,356",New,134 mi. from 30332,George Ballentine Ford Lincoln Toyota
2022 Toyota Camry,2022 Toyota Camry LE,"$27,921",New,145 mi. from 30332,Limbaugh Toyota
2021 Toyota RAV4,2021 Toyota RAV4 Hybrid XLE,"$35,133",New,157 mi. from 30332,Landers McLarty Toyota
2022 Toyota Corolla,2022 Toyota Corolla SE,"$27,007",New,181 mi. from 30332,Cumberland Auto Center
2022 Toyota 4Runner,2022 Toyota 4Runner SR5 Premium,Not Priced,New,153 mi. from 30332,John Roberts Toyota
2022 Toyota Corolla,2022 Toyota Corolla LE,"$21,378",New,17 mi. from 30332,Nalley Toyota Union City
2022 Toyota 4Runner,2022 Toyota 4Runner SR5 Premium,"$46,968",New,139 mi. from 30332,Toyota of Greenville
2021 Toyota RAV4,2021 Toyota RAV4 LE,"$31,195",New,197 mi. from 30332,Roberts Toyota
2021 Toyota RAV4,2021 Toyota RAV4 XLE,"$33,849",New,197 mi. from 30332,Roberts Toyota
2022 Toyota Corolla,2022 Toyota Corolla SE,"$24,780",New,17 mi. from 30332,Nalley Toyota Union City
2022 Toyota Camry,2022 Toyota Camry SE,"$32,352",New,27 mi. from 30332,Jim Ellis Toyota of McDonough
2022 Toyota 4Runner,2022 Toyota 4Runner TRD Sport,"$51,112",New,197 mi. from 30332,Roberts Toyota
2021 Toyota RAV4,2021 Toyota RAV4 XLE,"$31,973",New,13 mi. from 30332,Marietta Toyota
2021 Toyota RAV4,2021 Toyota RAV4 XLE Premium,Not Priced,New,31 mi. from 30332,Toyota of Newnan
2021 Toyota Avalon,2021 Toyota Avalon Limited,"$45,872",New,14 mi. from 30332,AutoNation Toyota Thornton Road
2021 Toyota C-HR,2021 Toyota C-HR XLE,Not Priced,New,156 mi. from 30332,Serra Toyota of Decatur
2022 Toyota Highlander,2022 Toyota Highlander LE,"$40,685",New,35 mi. from 30332,AutoNation Toyota Mall of Georgia
2022 Toyota 4Runner,2022 Toyota 4Runner SR5 Premium,Not Priced,New,31 mi. from 30332,Toyota of Newnan
2022 Toyota 4Runner,2022 Toyota 4Runner SR5 Premium,Not Priced,New,161 mi. from 30332,Fred Anderson Toyota of Asheville
2022 Toyota Highlander,2022 Toyota Highlander XLE,"$44,632",New,18 mi. from 30332,Nalley Toyota of Roswell
2022 Toyota Highlander,2022 Toyota Highlander XLE,"$44,874",New,139 mi. from 30332,Toyota of Greenville
2022 Toyota 4Runner,2022 Toyota 4Runner SR5 Premium,Not Priced,New,83 mi. from 30332,Five Star Toyota of Milledgeville
2022 Toyota Camry,2022 Toyota Camry XSE,"$35,136",New,157 mi. from 30332,Landers McLarty Toyota
2021 Toyota Tundra,2021 Toyota Tundra SR5,"$41,073",New,156 mi. from 30332,Serra Toyota of Decatur
2022 Toyota Sienna,2022 Toyota Sienna XSE 7 Passenger,"$47,036",New,13 mi. from 30332,Marietta Toyota
2021 Toyota Tundra,2021 Toyota Tundra Limited,"$52,743",New,17 mi. from 30332,Nalley Toyota Union City
2022 Toyota Sienna,2022 Toyota Sienna XLE 8 Passenger,"$43,323",New,35 mi. from 30332,AutoNation Toyota Mall of Georgia
2022 Toyota Camry,2022 Toyota Camry LE,Not Priced,New,98 mi. from 30332,Team One Toyota
2022 Toyota Camry,2022 Toyota Camry LE,Not Priced,New,161 mi. from 30332,Fred Anderson Toyota of Asheville
2022 Toyota Camry,2022 Toyota Camry XSE,Not Priced,New,153 mi. from 30332,John Roberts Toyota
2022 Toyota 4Runner,2022 Toyota 4Runner SR5 Premium,"$47,576",New,157 mi. from 30332,Landers McLarty Toyota
2022 Toyota Corolla,2022 Toyota Corolla SE,Not Priced,New,153 mi. from 30332,John Roberts Toyota
2022 Toyota Tacoma,2022 Toyota Tacoma TRD Off Road,"$42,068",New,145 mi. from 30332,Limbaugh Toyota
2022 Toyota Tacoma,2022 Toyota Tacoma TRD Sport,"$45,666",New,161 mi. from 30332,Fox Toyota
2021 Toyota Sienna,2021 Toyota Sienna XLE 8 Passenger,"$41,410",New,157 mi. from 30332,Landers McLarty Toyota
2022 Toyota Camry,2022 Toyota Camry SE,"$31,709",New,35 mi. from 30332,AutoNation Toyota Mall of Georgia
2022 Toyota Camry,2022 Toyota Camry SE,"$30,590",New,123 mi. from 30332,Pitts Toyota
2022 Toyota Camry,2022 Toyota Camry XSE,"$35,852",New,27 mi. from 30332,Jim Ellis Toyota of McDonough
2021 Toyota RAV4,2021 Toyota RAV4 XLE,"$34,268",New,112 mi. from 30332,Sand Mountain Toyota
2021 Toyota Tundra,2021 Toyota Tundra SR5,"$41,413",New,14 mi. from 30332,AutoNation Toyota Thornton Road
2021 Toyota C-HR,2021 Toyota C-HR LE,Not Priced,New,153 mi. from 30332,John Roberts Toyota
2021 Toyota RAV4,2021 Toyota RAV4 XLE Premium,"$32,903",New,83 mi. from 30332,Five Star Toyota of Milledgeville
2022 Toyota Camry,2022 Toyota Camry SE,"$29,264",New,123 mi. from 30332,Pitts Toyota
2022 Toyota Camry,2022 Toyota Camry LE,"$27,247",New,13 mi. from 30332,Marietta Toyota
2021 Toyota RAV4,2021 Toyota RAV4 XLE,"$35,750",New,181 mi. from 30332,Cumberland Auto Center
2021 Toyota Tundra,2021 Toyota Tundra SR5,Not Priced,New,18 mi. from 30332,Stone Mountain Toyota
2021 Toyota Tundra,2021 Toyota Tundra SR5,Not Priced,New,156 mi. from 30332,Serra Toyota of Decatur
2022 Toyota Highlander,2022 Toyota Highlander LE,"$41,110",New,35 mi. from 30332,AutoNation Toyota Mall of Georgia
2021 Toyota Tundra,2021 Toyota Tundra SR5,Not Priced,New,18 mi. from 30332,Stone Mountain Toyota
2021 Toyota Tundra,2021 Toyota Tundra SR5,Not Priced,New,156 mi. from 30332,Serra Toyota of Decatur
2022 Toyota Corolla,2022 Toyota Corolla LE,Not Priced,New,156 mi. from 30332,Serra Toyota of Decatur
2021 Toyota Tundra,2021 Toyota Tundra SR5,"$44,714",New,156 mi. from 30332,Serra Toyota of Decatur
2021 Toyota Tundra,2021 Toyota Tundra SR5,Not Priced,New,18 mi. from 30332,Stone Mountain Toyota
2021 Toyota Tundra,2021 Toyota Tundra SR5,Not Priced,New,133 mi. from 30332,Serra Toyota
2021 Toyota C-HR,2021 Toyota C-HR XLE,"$26,417",New,157 mi. from 30332,Landers McLarty Toyota
2022 Toyota 4Runner,2022 Toyota 4Runner SR5 Premium,"$47,902",New,157 mi. from 30332,Landers McLarty Toyota
2022 Toyota 4Runner,2022 Toyota 4Runner SR5 Premium,"$46,675",New,156 mi. from 30332,Serra Toyota of Decatur
2022 Toyota Camry,2022 Toyota Camry XSE,"$35,356",New,197 mi. from 30332,Roberts Toyota
2021 Toyota RAV4,2021 Toyota RAV4 Hybrid XSE,"$38,313",New,27 mi. from 30332,Jim Ellis Toyota of McDonough
2022 Toyota Highlander,2022 Toyota Highlander XLE,"$42,279",New,14 mi. from 30332,AutoNation Toyota Thornton Road
2021 Toyota Venza,2021 Toyota Venza Limited,"$47,024",New,197 mi. from 30332,Roberts Toyota
2022 Toyota Highlander,2022 Toyota Highlander Hybrid Limited,"$51,741",New,145 mi. from 30332,Limbaugh Toyota
2022 Toyota 4Runner,2022 Toyota 4Runner Limited,"$49,485",New,13 mi. from 30332,Marietta Toyota
2022 Toyota Corolla,2022 Toyota Corolla Hybrid LE,Not Priced,New,153 mi. from 30332,John Roberts Toyota
2022 Toyota 4Runner,2022 Toyota 4Runner Limited,"$56,278",New,197 mi. from 30332,Roberts Toyota
2022 Toyota Corolla,2022 Toyota Corolla SE,"$25,724",New,161 mi. from 30332,Fox Toyota
2022 Toyota Prius,2022 Toyota Prius L,"$34,901",New,17 mi. from 30332,Nalley Toyota Union City
2021 Toyota Venza,2021 Toyota Venza XLE,"$37,684",New,161 mi. from 30332,Fox Toyota
2021 Toyota RAV4,2021 Toyota RAV4 Hybrid Limited,"$41,568",New,18 mi. from 30332,Nalley Toyota of Roswell
2022 Toyota 4Runner,2022 Toyota 4Runner TRD Off Road Premium,"$47,418",New,35 mi. from 30332,AutoNation Toyota Mall of Georgia
2021 Toyota Tundra,2021 Toyota Tundra SR5,Not Priced,New,18 mi. from 30332,Stone Mountain Toyota
2021 Toyota Tundra,2021 Toyota Tundra SR5,Not Priced,New,18 mi. from 30332,Stone Mountain Toyota
2021 Toyota RAV4,2021 Toyota RAV4 XLE Premium,"$35,749",New,112 mi. from 30332,Sand Mountain Toyota
2021 Toyota Tundra,2021 Toyota Tundra SR5,Not Priced,New,156 mi. from 30332,Serra Toyota of Decatur
2022 Toyota Camry,2022 Toyota Camry LE,Not Priced,New,83 mi. from 30332,Five Star Toyota of Milledgeville
2021 Toyota RAV4,2021 Toyota RAV4 Hybrid Limited,Not Priced,New,153 mi. from 30332,John Roberts Toyota
2021 Toyota Highlander,2021 Toyota Highlander Limited,"$46,625",New,191 mi. from 30332,Peter Boulware Toyota of Columbia
2022 Toyota Camry,2022 Toyota Camry SE,"$30,062",New,17 mi. from 30332,Nalley Toyota Stonecrest
2022 Toyota Corolla,2022 Toyota Corolla LE,Not Priced,New,18 mi. from 30332,Stone Mountain Toyota
2021 Toyota RAV4,2021 Toyota RAV4 XLE Premium,"$33,697",New,156 mi. from 30332,Serra Toyota of Decatur
2022 Toyota Camry,2022 Toyota Camry XSE,Not Priced,New,98 mi. from 30332,Team One Toyota
2022 Toyota 4Runner,2022 Toyota 4Runner Limited,Not Priced,New,83 mi. from 30332,Five Star Toyota of Milledgeville
2021 Toyota Tundra,2021 Toyota Tundra SR5,Not Priced,New,156 mi. from 30332,Serra Toyota of Decatur
2021 Toyota Tundra,2021 Toyota Tundra SR5,Not Priced,New,98 mi. from 30332,Team One Toyota
2021 Toyota Tundra,2021 Toyota Tundra SR5,"$40,837",New,83 mi. from 30332,Five Star Toyota of Milledgeville
2022 Toyota 4Runner,2022 Toyota 4Runner Limited,Not Priced,New,21 mi. from 30332,Atlanta Toyota
2022 Toyota 4Runner,2022 Toyota 4Runner TRD Sport,"$46,074",New,17 mi. from 30332,Nalley Toyota Union City
2022 Toyota 4Runner,2022 Toyota 4Runner Limited,"$54,913",New,197 mi. from 30332,Roberts Toyota
2022 Toyota Prius,2022 Toyota Prius LE,"$28,208",New,157 mi. from 30332,Landers McLarty Toyota
2021 Toyota RAV4,2021 Toyota RAV4 Limited,Not Priced,New,21 mi. from 30332,Atlanta Toyota
2021 Toyota Tundra,2021 Toyota Tundra SR5,"$45,508",New,83 mi. from 30332,Five Star Toyota of Milledgeville
2021 Toyota Venza,2021 Toyota Venza LE,"$36,069",New,139 mi. from 30332,Toyota of Greenville
2022 Toyota Highlander,2022 Toyota Highlander LE,"$42,434",New,18 mi. from 30332,Nalley Toyota of Roswell
2022 Toyota Corolla,2022 Toyota Corolla Cross XLE,Not Priced,New,191 mi. from 30332,Peter Boulware Toyota of Columbia
2022 Toyota Tacoma,2022 Toyota Tacoma SR,"$26,518",New,161 mi. from 30332,Fox Toyota
2021 Toyota RAV4,2021 Toyota RAV4 Hybrid XLE,Not Priced,New,133 mi. from 30332,Serra Toyota
2021 Toyota Tundra,2021 Toyota Tundra SR5,"$49,588",New,17 mi. from 30332,Nalley Toyota Union City
2021 Toyota Tundra,2021 Toyota Tundra SR5,Not Priced,New,18 mi. from 30332,Stone Mountain Toyota
2021 Toyota Tundra,2021 Toyota Tundra SR5,"$40,515",New,156 mi. from 30332,Serra Toyota of Decatur
2021 Toyota Tundra,2021 Toyota Tundra SR5,Not Priced,New,17 mi. from 30332,Nalley Toyota Stonecrest
2022 Toyota Camry,2022 Toyota Camry LE,"$26,832",New,13 mi. from 30332,Marietta Toyota
2021 Toyota Tundra,2021 Toyota Tundra SR5,"$41,742",New,35 mi. from 30332,AutoNation Toyota Mall of Georgia
2021 Toyota Tundra,2021 Toyota Tundra SR5,"$42,411",New,35 mi. from 30332,AutoNation Toyota Mall of Georgia
2021 Toyota Tundra,2021 Toyota Tundra SR5,"$41,742",New,35 mi. from 30332,AutoNation Toyota Mall of Georgia
2021 Toyota Tundra,2021 Toyota Tundra SR5,"$41,742",New,35 mi. from 30332,AutoNation Toyota Mall of Georgia
2021 Toyota Tundra,2021 Toyota Tundra SR5,Not Priced,New,18 mi. from 30332,Stone Mountain Toyota
2021 Toyota Tundra,2021 Toyota Tundra SR5,Not Priced,New,18 mi. from 30332,Stone Mountain Toyota
2021 Toyota Tundra,2021 Toyota Tundra SR5,Not Priced,New,18 mi. from 30332,Stone Mountain Toyota
2021 Toyota Avalon,2021 Toyota Avalon Hybrid Limited,"$49,229",New,197 mi. from 30332,Roberts Toyota
2021 Toyota RAV4,2021 Toyota RAV4 Hybrid XSE,"$39,908",New,13 mi. from 30332,Marietta Toyota
2022 Toyota Sequoia,2022 Toyota Sequoia SR5,"$53,315",New,134 mi. from 30332,George Ballentine Ford Lincoln Toyota
2021 Toyota RAV4,2021 Toyota RAV4 XLE,"$34,668",New,197 mi. from 30332,Roberts Toyota
2021 Toyota RAV4,2021 Toyota RAV4 Hybrid XSE,"$43,343",New,197 mi. from 30332,Roberts Toyota
2021 Toyota Tundra,2021 Toyota Tundra SR5,Not Priced,New,156 mi. from 30332,Serra Toyota of Decatur
2021 Toyota Tundra,2021 Toyota Tundra SR5,Not Priced,New,18 mi. from 30332,Stone Mountain Toyota
2022 Toyota Corolla,2022 Toyota Corolla LE,"$23,336",New,157 mi. from 30332,Landers McLarty Toyota
2022 Toyota Prius,2022 Toyota Prius XLE,"$33,029",New,197 mi. from 30332,Roberts Toyota
2021 Toyota RAV4,2021 Toyota RAV4 LE,"$28,969",New,157 mi. from 30332,Landers McLarty Toyota
2022 Toyota Corolla,2022 Toyota Corolla Cross LE,"$29,962",New,197 mi. from 30332,Roberts Toyota
2022 Toyota Corolla,2022 Toyota Corolla Hybrid LE,"$25,879",New,149 mi. from 30332,Bob Richards Toyota
2022 Toyota 4Runner,2022 Toyota 4Runner Limited,"$53,542",New,157 mi. from 30332,Landers McLarty Toyota
2022 Toyota Corolla,2022 Toyota Corolla LE,"$22,954",New,123 mi. from 30332,Pitts Toyota
2022 Toyota Camry,2022 Toyota Camry XSE,"$37,612",New, mi. from 30332,Jim Ellis Toyota of McDonough
2022 Toyota 4Runner,2022 Toyota 4Runner TRD Pro,"$59,997",New,157 mi. from 30332,Landers McLarty Toyota
2021 Toyota Tundra,2021 Toyota Tundra SR5,Not Priced,New,18 mi. from 30332,Stone Mountain Toyota
2022 Toyota Corolla,2022 Toyota Corolla Cross XLE,"$30,340",New,13 mi. from 30332,Marietta Toyota
2022 Toyota Camry,2022 Toyota Camry LE,"$28,269",New,18 mi. from 30332,Nalley Toyota of Roswell
2021 Toyota Tundra,2021 Toyota Tundra SR5,Not Priced,New,153 mi. from 30332,John Roberts Toyota
2021 Toyota RAV4,2021 Toyota RAV4 XLE,"$30,808",New,13 mi. from 30332,Marietta Toyota
2021 Toyota Venza,2021 Toyota Venza XLE,"$41,770",New,112 mi. from 30332,Sand Mountain Toyota
2021 Toyota C-HR,2021 Toyota C-HR Nightshade,"$27,684",New,13 mi. from 30332,Marietta Toyota
2022 Toyota Avalon,2022 Toyota Avalon Hybrid Limited,"$47,070",New,17 mi. from 30332,Nalley Toyota Stonecrest
2021 Toyota Tundra,2021 Toyota Tundra SR5,"$41,413",New,14 mi. from 30332,AutoNation Toyota Thornton Road
2022 Toyota Camry,2022 Toyota Camry SE,"$31,363",New,123 mi. from 30332,Pitts Toyota
2022 Toyota Tacoma,2022 Toyota Tacoma TRD Off Road,"$39,262",New,112 mi. from 30332,Sand Mountain Toyota
2021 Toyota Tundra,2021 Toyota Tundra SR5,"$40,186",New,17 mi. from 30332,Nalley Toyota Stonecrest
2021 Toyota Tundra,2021 Toyota Tundra SR5,"$41,742",New,35 mi. from 30332,AutoNation Toyota Mall of Georgia
2021 Toyota Tundra,2021 Toyota Tundra SR5,"$41,742",New,35 mi. from 30332,AutoNation Toyota Mall of Georgia
2021 Toyota Tundra,2021 Toyota Tundra SR5,"$41,742",New,35 mi. from 30332,AutoNation Toyota Mall of Georgia
2021 Toyota Tundra,2021 Toyota Tundra SR5,"$41,742",New,35 mi. from 30332,AutoNation Toyota Mall of Georgia
2021 Toyota Tundra,2021 Toyota Tundra SR5,"$41,742",New,35 mi. from 30332,AutoNation Toyota Mall of Georgia
2021 Toyota Tundra,2021 Toyota Tundra SR5,"$40,186",New,17 mi. from 30332,Nalley Toyota Stonecrest
2021 Toyota Tundra,2021 Toyota Tundra SR5,"$41,742",New,35 mi. from 30332,AutoNation Toyota Mall of Georgia
2021 Toyota Tundra,2021 Toyota Tundra SR5,"$47,807",New,197 mi. from 30332,Roberts Toyota
2021 Toyota Venza,2021 Toyota Venza Limited,"$44,034",New,161 mi. from 30332,Fox Toyota
2022 Toyota Corolla,2022 Toyota Corolla Hatchback SE,Not Priced,New,18 mi. from 30332,Stone Mountain Toyota
2022 Toyota Prius,2022 Toyota Prius Limited,"$34,272",New,134 mi. from 30332,George Ballentine Ford Lincoln Toyota
2022 Toyota 4Runner,2022 Toyota 4Runner SR5,"$39,486",New,13 mi. from 30332,Marietta Toyota
2022 Toyota Prius,2022 Toyota Prius L,Not Priced,New,21 mi. from 30332,Atlanta Toyota
2022 Toyota Sienna,2022 Toyota Sienna Limited,"$51,270",New,145 mi. from 30332,Limbaugh Toyota
2022 Toyota Camry,2022 Toyota Camry SE,Not Priced,New,18 mi. from 30332,Stone Mountain Toyota
2022 Toyota 4Runner,2022 Toyota 4Runner SR5 Premium,"$47,025",New,156 mi. from 30332,Serra Toyota of Decatur
2022 Toyota 4Runner,2022 Toyota 4Runner Limited,"$53,087",New,157 mi. from 30332,Landers McLarty Toyota
2022 Toyota Avalon,2022 Toyota Avalon Hybrid Limited,"$47,771",New,149 mi. from 30332,Bob Richards Toyota
2022 Toyota 4Runner,2022 Toyota 4Runner SR5,Not Priced,New,31 mi. from 30332,Toyota of Newnan
2022 Toyota 4Runner,2022 Toyota 4Runner Limited,Not Priced,New,21 mi. from 30332,Atlanta Toyota
2022 Toyota Prius,2022 Toyota Prius Limited,Not Priced,New,153 mi. from 30332,John Roberts Toyota
2022 Toyota Camry,2022 Toyota Camry SE,"$29,441",New,157 mi. from 30332,Landers McLarty Toyota
2022 Toyota 4Runner,2022 Toyota 4Runner SR5,Not Priced,New,34 mi. from 30332,Cherokee County Toyota
2022 Toyota 4Runner,2022 Toyota 4Runner Limited,"$51,442",New,161 mi. from 30332,Fox Toyota
2022 Toyota 4Runner,2022 Toyota 4Runner Limited,"$51,043",New,161 mi. from 30332,Fox Toyota
2022 Toyota 4Runner,2022 Toyota 4Runner SR5 Premium,Not Priced,New,31 mi. from 30332,Toyota of Newnan
2022 Toyota Tacoma,2022 Toyota Tacoma SR5,"$39,834",New,156 mi. from 30332,Serra Toyota of Decatur
2022 Toyota Camry,2022 Toyota Camry SE,Not Priced,New,18 mi. from 30332,Stone Mountain Toyota
2022 Toyota Camry,2022 Toyota Camry SE,Not Priced,New,156 mi. from 30332,Serra Toyota of Decatur
2022 Toyota Highlander,2022 Toyota Highlander Limited,"$49,945",New,191 mi. from 30332,Bondy's Toyota of Enterprise
2021 Toyota Tundra,2021 Toyota Tundra SR5,"$40,595",New,191 mi. from 30332,Peter Boulware Toyota of Columbia
2022 Toyota Avalon,2022 Toyota Avalon Limited,"$46,213",New,157 mi. from 30332,Landers McLarty Toyota
2022 Toyota Tacoma,2022 Toyota Tacoma TRD Sport,"$42,098",New,17 mi. from 30332,Nalley Toyota Union City
2022 Toyota 4Runner,2022 Toyota 4Runner TRD Sport,"$45,134",New,18 mi. from 30332,Nalley Toyota of Roswell
2022 Toyota Camry,2022 Toyota Camry XSE V6,"$39,345",New,14 mi. from 30332,AutoNation Toyota Thornton Road
2022 Toyota Sienna,2022 Toyota Sienna Platinum 7 Passenger,"$52,555",New,17 mi. from 30332,Nalley Toyota Union City
2021 Toyota RAV4,2021 Toyota RAV4 XLE,"$31,342",New,17 mi. from 30332,Nalley Toyota Stonecrest
2022 Toyota Camry,2022 Toyota Camry SE,"$30,062",New,17 mi. from 30332,Nalley Toyota Stonecrest
2021 Toyota RAV4,2021 Toyota RAV4 Hybrid XLE,Not Priced,New,18 mi. from 30332,Stone Mountain Toyota
2022 Toyota Corolla,2022 Toyota Corolla LE,Not Priced,New,18 mi. from 30332,Stone Mountain Toyota
2022 Toyota 4Runner,2022 Toyota 4Runner Limited,Not Priced,New,18 mi. from 30332,Stone Mountain Toyota
2022 Toyota 4Runner,2022 Toyota 4Runner SR5,Not Priced,New,18 mi. from 30332,Stone Mountain Toyota
2022 Toyota 4Runner,2022 Toyota 4Runner SR5 Premium,"$50,466",New,18 mi. from 30332,Nalley Toyota of Roswell
2022 Toyota Highlander,2022 Toyota Highlander Hybrid Limited,"$51,814",New,18 mi. from 30332,Nalley Toyota of Roswell
2021 Toyota C-HR,2021 Toyota C-HR LE,"$25,160",New,18 mi. from 30332,Nalley Toyota of Roswell
2021 Toyota RAV4,2021 Toyota RAV4 Hybrid XLE Premium,"$37,038",New,18 mi. from 30332,Nalley Toyota of Roswell
2022 Toyota Highlander,2022 Toyota Highlander L,"$39,809",New,18 mi. from 30332,Nalley Toyota of Roswell
2021 Toyota Highlander,2021 Toyota Highlander XLE,"$46,164",New,18 mi. from 30332,Nalley Toyota of Roswell
2022 Toyota Sequoia,2022 Toyota Sequoia Nightshade,"$68,484",New,18 mi. from 30332,Nalley Toyota of Roswell
2022 Toyota Tacoma,2022 Toyota Tacoma SR5,"$31,054",New,18 mi. from 30332,Nalley Toyota of Roswell
2022 Toyota Sienna,2022 Toyota Sienna XLE 8 Passenger,"$44,506",New,18 mi. from 30332,Nalley Toyota of Roswell
2022 Toyota Camry,2022 Toyota Camry SE,"$31,214",New,18 mi. from 30332,Nalley Toyota of Roswell
2022 Toyota Camry,2022 Toyota Camry XSE,Not Priced,New,21 mi. from 30332,Atlanta Toyota
2021 Toyota C-HR,2021 Toyota C-HR LE,"$26,679",New,27 mi. from 30332,Jim Ellis Toyota of McDonough
2021 Toyota RAV4,2021 Toyota RAV4 XLE,"$32,164",New,27 mi. from 30332,Jim Ellis Toyota of McDonough
2022 Toyota Tacoma,2022 Toyota Tacoma SR5,"$38,479",New,27 mi. from 30332,Jim Ellis Toyota of McDonough
2010 Toyota Corolla,2010 Toyota Corolla S,"$9,921",New,30 mi. from 30332,Sutherlin Nissan Cherokee County
2021 Toyota RAV4,2021 Toyota RAV4 XLE Premium,"$33,221",New,35 mi. from 30332,Beaver Toyota Cumming
2022 Toyota Camry,2022 Toyota Camry SE,Not Priced,New,35 mi. from 30332,Beaver Toyota Cumming
2022 Toyota Tacoma,2022 Toyota Tacoma SR5,"$37,448",New,35 mi. from 30332,AutoNation Toyota Mall of Georgia
2022 Toyota 4Runner,2022 Toyota 4Runner SR5,"$43,673",New,35 mi. from 30332,AutoNation Toyota Mall of Georgia
2022 Toyota 4Runner,2022 Toyota 4Runner TRD Sport,"$45,876",New,35 mi. from 30332,AutoNation Toyota Mall of Georgia
2022 Toyota 4Runner,2022 Toyota 4Runner TRD Off Road,Not Priced,New,83 mi. from 30332,Five Star Toyota of Milledgeville
2022 Toyota Corolla,2022 Toyota Corolla L,Not Priced,New,83 mi. from 30332,Five Star Toyota of Milledgeville
2022 Toyota Camry,2022 Toyota Camry SE,Not Priced,New,83 mi. from 30332,Five Star Toyota of Milledgeville
2022 Toyota Camry,2022 Toyota Camry XSE,Not Priced,New,83 mi. from 30332,Five Star Toyota of Milledgeville
2022 Toyota Highlander,2022 Toyota Highlander XLE,Not Priced,New,83 mi. from 30332,Five Star Toyota of Milledgeville
2021 Toyota C-HR,2021 Toyota C-HR Limited,"$29,909",New,83 mi. from 30332,Five Star Toyota of Milledgeville
2022 Toyota Tacoma,2022 Toyota Tacoma SR5,Not Priced,New,83 mi. from 30332,Five Star Toyota of Milledgeville
2022 Toyota Corolla,2022 Toyota Corolla Cross LE,Not Priced,New,98 mi. from 30332,Team One Toyota
2021 Toyota RAV4,2021 Toyota RAV4 XLE Premium,"$34,139",New,112 mi. from 30332,Sand Mountain Toyota
2021 Toyota RAV4,2021 Toyota RAV4 XLE,"$31,384",New,112 mi. from 30332,Sand Mountain Toyota
2021 Toyota RAV4,2021 Toyota RAV4 XLE,"$32,256",New,112 mi. from 30332,Sand Mountain Toyota
2021 Toyota RAV4,2021 Toyota RAV4 XLE Premium,"$32,905",New,112 mi. from 30332,Sand Mountain Toyota
2021 Toyota C-HR,2021 Toyota C-HR XLE,"$26,031",New,114 mi. from 30332,Toyota of Sylacauga
2022 Toyota Corolla,2022 Toyota Corolla SE,"$24,954",New,123 mi. from 30332,Pitts Toyota
2022 Toyota Tacoma,2022 Toyota Tacoma SR5,"$37,430",New,123 mi. from 30332,Pitts Toyota
2021 Toyota C-HR,2021 Toyota C-HR XLE,"$26,424",New,123 mi. from 30332,Pitts Toyota
2021 Toyota RAV4,2021 Toyota RAV4 Limited,"$39,267",New,123 mi. from 30332,Pitts Toyota
2021 Toyota RAV4,2021 Toyota RAV4 XLE,"$32,764",New,123 mi. from 30332,Pitts Toyota
2022 Toyota Corolla,2022 Toyota Corolla LE,Not Priced,New,133 mi. from 30332,Serra Toyota
2022 Toyota Camry,2022 Toyota Camry XSE,Not Priced,New,133 mi. from 30332,Serra Toyota
2022 Toyota Camry,2022 Toyota Camry XSE,Not Priced,New,133 mi. from 30332,Serra Toyota
2022 Toyota Corolla,2022 Toyota Corolla LE,Not Priced,New,133 mi. from 30332,Serra Toyota
2022 Toyota Corolla,2022 Toyota Corolla LE,Not Priced,New,133 mi. from 30332,Serra Toyota
2022 Toyota Sienna,2022 Toyota Sienna LE,"$37,315",New, mi. from 30332,Jim Ellis Toyota of McDonough
2021 Toyota C-HR,2021 Toyota C-HR Limited,Not Priced,New,133 mi. from 30332,Serra Toyota
2021 Toyota RAV4,2021 Toyota RAV4 XLE,"$32,410",New,139 mi. from 30332,Toyota of Greenville
2021 Toyota C-HR,2021 Toyota C-HR Limited,"$30,454",New,139 mi. from 30332,Toyota of Greenville
2022 Toyota Corolla,2022 Toyota Corolla LE,"$22,332",New,139 mi. from 30332,Toyota of Greenville
2022 Toyota Highlander,2022 Toyota Highlander Hybrid Platinum,"$52,014",New,139 mi. from 30332,Toyota of Greenville
2022 Toyota Tacoma,2022 Toyota Tacoma SR5,"$36,830",New,139 mi. from 30332,Toyota of Greenville
2021 Toyota RAV4,2021 Toyota RAV4 Hybrid LE,"$31,385",New,139 mi. from 30332,Toyota of Greenville
2021 Toyota RAV4,2021 Toyota RAV4 LE,"$29,583",New,139 mi. from 30332,Toyota of Greenville
2022 Toyota Camry,2022 Toyota Camry TRD,"$35,163",New,145 mi. from 30332,Limbaugh Toyota
2021 Toyota RAV4,2021 Toyota RAV4 XLE,"$30,614",New,149 mi. from 30332,Bob Richards Toyota
2022 Toyota Highlander,2022 Toyota Highlander XLE,"$45,113",New,149 mi. from 30332,Bob Richards Toyota
2022 Toyota Tacoma,2022 Toyota Tacoma SR,Not Priced,New,153 mi. from 30332,John Roberts Toyota
2022 Toyota Tacoma,2022 Toyota Tacoma SR,Not Priced,New,153 mi. from 30332,John Roberts Toyota
2022 Toyota Tacoma,2022 Toyota Tacoma SR,Not Priced,New,153 mi. from 30332,John Roberts Toyota
2021 Toyota RAV4,2021 Toyota RAV4 XLE,"$33,138",New,157 mi. from 30332,Landers McLarty Toyota
2022 Toyota Camry,2022 Toyota Camry XSE,"$34,315",New,156 mi. from 30332,Serra Toyota of Decatur
2022 Toyota Corolla,2022 Toyota Corolla Cross XLE,"$31,811",New,156 mi. from 30332,Serra Toyota of Decatur
2022 Toyota Highlander,2022 Toyota Highlander Hybrid XLE,"$45,731",New,181 mi. from 30332,Cumberland Auto Center
2022 Toyota Highlander,2022 Toyota Highlander L,"$36,911",New,181 mi. from 30332,Cumberland Auto Center
2022 Toyota Corolla,2022 Toyota Corolla LE,"$21,675",New,181 mi. from 30332,Cumberland Auto Center
2022 Toyota Camry,2022 Toyota Camry SE,"$27,946",New,181 mi. from 30332,Cumberland Auto Center
2022 Toyota Corolla,2022 Toyota Corolla LE,"$21,675",New,181 mi. from 30332,Cumberland Auto Center
2021 Toyota RAV4,2021 Toyota RAV4 XLE,"$31,505",New,181 mi. from 30332,Cumberland Auto Center
2022 Toyota Tacoma,2022 Toyota Tacoma SR,"$27,139",New,181 mi. from 30332,Cumberland Auto Center
2022 Toyota Tacoma,2022 Toyota Tacoma TRD Sport,"$41,080",New,181 mi. from 30332,Cumberland Auto Center
2022 Toyota 4Runner,2022 Toyota 4Runner Limited,"$52,047",New,181 mi. from 30332,Cumberland Auto Center
2022 Toyota Highlander,2022 Toyota Highlander Hybrid Platinum,"$53,592",New,181 mi. from 30332,Cumberland Auto Center
2022 Toyota Camry,2022 Toyota Camry XSE,"$38,067",New,181 mi. from 30332,Cumberland Auto Center
2022 Toyota Camry,2022 Toyota Camry SE,"$28,646",New,181 mi. from 30332,Cumberland Auto Center
2021 Toyota RAV4,2021 Toyota RAV4 XLE,Not Priced,New,188 mi. from 30332,Toyota of Murfreesboro
2022 Toyota Avalon,2022 Toyota Avalon Hybrid Limited,Not Priced,New,188 mi. from 30332,Toyota of Murfreesboro
2021 Toyota RAV4,2021 Toyota RAV4 XLE,Not Priced,New,188 mi. from 30332,Toyota of Murfreesboro
2022 Toyota Corolla,2022 Toyota Corolla LE,Not Priced,New,188 mi. from 30332,Toyota of Murfreesboro
2022 Toyota Camry,2022 Toyota Camry LE,Not Priced,New,188 mi. from 30332,Toyota of Murfreesboro
2022 Toyota Sequoia,2022 Toyota Sequoia TRD Pro,Not Priced,New,188 mi. from 30332,Toyota of Murfreesboro
2021 Toyota RAV4,2021 Toyota RAV4 TRD Off Road,Not Priced,New,188 mi. from 30332,Toyota of Murfreesboro
2022 Toyota Corolla,2022 Toyota Corolla Cross L,Not Priced,New,188 mi. from 30332,Toyota of Murfreesboro
2021 Toyota RAV4,2021 Toyota RAV4 LE,Not Priced,New,188 mi. from 30332,Toyota of Murfreesboro
2021 Toyota C-HR,2021 Toyota C-HR Limited,Not Priced,New,188 mi. from 30332,Toyota of Murfreesboro
2021 Toyota RAV4,2021 Toyota RAV4 Adventure,Not Priced,New,188 mi. from 30332,Toyota of Murfreesboro
2021 Toyota RAV4,2021 Toyota RAV4 LE,Not Priced,New,188 mi. from 30332,Toyota of Murfreesboro
2022 Toyota 4Runner,2022 Toyota 4Runner Sport,Not Priced,New,191 mi. from 30332,Peter Boulware Toyota of Columbia
2022 Toyota Tacoma,2022 Toyota Tacoma SR5,Not Priced,New,191 mi. from 30332,Peter Boulware Toyota of Columbia
2022 Toyota Corolla,2022 Toyota Corolla LE,Not Priced,New,191 mi. from 30332,Peter Boulware Toyota of Columbia
2021 Toyota RAV4,2021 Toyota RAV4 XLE Premium,"$32,446",New,191 mi. from 30332,Peter Boulware Toyota of Columbia
2022 Toyota Tacoma,2022 Toyota Tacoma SR5,Not Priced,New,191 mi. from 30332,Peter Boulware Toyota of Columbia
2022 Toyota 4Runner,2022 Toyota 4Runner Sport,Not Priced,New,191 mi. from 30332,Peter Boulware Toyota of Columbia
2021 Toyota RAV4,2021 Toyota RAV4 Hybrid Limited,"$40,144",New,191 mi. from 30332,Peter Boulware Toyota of Columbia
2022 Toyota 4Runner,2022 Toyota 4Runner TRD Off Road,Not Priced,New,191 mi. from 30332,Peter Boulware Toyota of Columbia
2022 Toyota Corolla,2022 Toyota Corolla Cross LE,Not Priced,New,191 mi. from 30332,Peter Boulware Toyota of Columbia
2022 Toyota Tacoma,2022 Toyota Tacoma SR,Not Priced,New,191 mi. from 30332,Peter Boulware Toyota of Columbia
2022 Toyota Tacoma,2022 Toyota Tacoma TRD Sport,Not Priced,New,191 mi. from 30332,Peter Boulware Toyota of Columbia
2021 Toyota RAV4,2021 Toyota RAV4 XLE,"$29,541",New,191 mi. from 30332,Peter Boulware Toyota of Columbia
2021 Toyota RAV4,2021 Toyota RAV4 Hybrid XLE Premium,"$36,206",New,191 mi. from 30332,Peter Boulware Toyota of Columbia
2021 Toyota Tacoma,2021 Toyota Tacoma TRD Sport,"$42,908",New,191 mi. from 30332,Peter Boulware Toyota of Columbia
2022 Toyota Prius,2022 Toyota Prius Limited,Not Priced,New,191 mi. from 30332,Peter Boulware Toyota of Columbia
2022 Toyota Camry,2022 Toyota Camry TRD,Not Priced,New,191 mi. from 30332,Peter Boulware Toyota of Columbia
2021 Toyota RAV4,2021 Toyota RAV4 XLE,"$29,519",New,191 mi. from 30332,Peter Boulware Toyota of Columbia
2021 Toyota RAV4,2021 Toyota RAV4 XLE,"$29,592",New,191 mi. from 30332,Peter Boulware Toyota of Columbia
2021 Toyota Tacoma,2021 Toyota Tacoma SR,"$28,883",New,191 mi. from 30332,Peter Boulware Toyota of Columbia
2022 Toyota Corolla,2022 Toyota Corolla SE,Not Priced,New,191 mi. from 30332,Peter Boulware Toyota of Columbia
2021 Toyota RAV4,2021 Toyota RAV4 XLE,"$33,972",New,191 mi. from 30332,Peter Boulware Toyota of Columbia
2022 Toyota Camry,2022 Toyota Camry SE,Not Priced,New,83 mi. from 30332,Five Star Toyota of Milledgeville
2022 Toyota 4Runner,2022 Toyota 4Runner Limited,Not Priced,New,153 mi. from 30332,John Roberts Toyota
2022 Toyota Tacoma,2022 Toyota Tacoma TRD Sport,"$46,343",New,145 mi. from 30332,Limbaugh Toyota
2022 Toyota 4Runner,2022 Toyota 4Runner TRD Pro,"$56,338",New,112 mi. from 30332,Sand Mountain Toyota
2021 Toyota RAV4,2021 Toyota RAV4 Hybrid Limited,"$41,734",New,17 mi. from 30332,Nalley Toyota Union City
2021 Toyota Tundra,2021 Toyota Tundra SR5,"$43,919",New,191 mi. from 30332,Peter Boulware Toyota of Columbia
2022 Toyota 4Runner,2022 Toyota 4Runner SR5,"$42,080",New,134 mi. from 30332,George Ballentine Ford Lincoln Toyota
2022 Toyota Highlander,2022 Toyota Highlander Hybrid Platinum,Not Priced,New,98 mi. from 30332,Team One Toyota
2021 Toyota RAV4,2021 Toyota RAV4 Limited,"$38,993",New,27 mi. from 30332,Jim Ellis Toyota of McDonough
2021 Toyota Venza,2021 Toyota Venza Limited,"$44,081",New,17 mi. from 30332,Nalley Toyota Union City
2021 Toyota RAV4,2021 Toyota RAV4 Prime SE,Not Priced,New,153 mi. from 30332,John Roberts Toyota
2022 Toyota Sequoia,2022 Toyota Sequoia TRD Sport,"$62,330",New,197 mi. from 30332,Roberts Toyota
2022 Toyota Sequoia,2022 Toyota Sequoia SR5,"$55,593",New,197 mi. from 30332,Roberts Toyota
2022 Toyota Camry,2022 Toyota Camry SE,"$31,936",New,157 mi. from 30332,Landers McLarty Toyota
2022 Toyota 4Runner,2022 Toyota 4Runner Limited,Not Priced,New,133 mi. from 30332,Serra Toyota
2021 Toyota Tundra,2021 Toyota Tundra SR5,"$49,999",New,17 mi. from 30332,Nalley Toyota Union City
2021 Toyota Tundra,2021 Toyota Tundra SR5,"$49,999",New,17 mi. from 30332,Nalley Toyota Union City
2021 Toyota RAV4,2021 Toyota RAV4 Limited,"$39,818",New,17 mi. from 30332,Nalley Toyota Union City
2022 Toyota Tacoma,2022 Toyota Tacoma TRD Sport,"$40,576",New,17 mi. from 30332,Nalley Toyota Union City
2021 Toyota 4Runner,2021 Toyota 4Runner SR5 Premium,"$41,791",New,191 mi. from 30332,Peter Boulware Toyota of Columbia
2022 Toyota Camry,2022 Toyota Camry SE,"$30,461",New,13 mi. from 30332,Marietta Toyota
2022 Toyota 4Runner,2022 Toyota 4Runner SR5,"$42,885",New,156 mi. from 30332,Serra Toyota of Decatur
2022 Toyota Sienna,2022 Toyota Sienna Platinum 7 Passenger,Not Priced,New,34 mi. from 30332,Cherokee County Toyota
2022 Toyota Prius,2022 Toyota Prius XLE,"$31,450",New,156 mi. from 30332,Serra Toyota of Decatur
2022 Toyota Camry,2022 Toyota Camry SE,"$29,312",New,157 mi. from 30332,Landers McLarty Toyota
2021 Toyota RAV4,2021 Toyota RAV4 Limited,"$39,408",New,17 mi. from 30332,Nalley Toyota Union City
2022 Toyota Avalon,2022 Toyota Avalon Touring,"$47,525",New,35 mi. from 30332,AutoNation Toyota Mall of Georgia
2022 Toyota Sequoia,2022 Toyota Sequoia SR5,Not Priced,New,133 mi. from 30332,Serra Toyota
2021 Toyota Tundra,2021 Toyota Tundra SR5,"$42,329",New,83 mi. from 30332,Five Star Toyota of Milledgeville
2022 Toyota Sequoia,2022 Toyota Sequoia TRD Pro,"$68,220",New,114 mi. from 30332,Toyota of Sylacauga
2022 Toyota Avalon,2022 Toyota Avalon Touring,Not Priced,New,34 mi. from 30332,Cherokee County Toyota
2022 Toyota Sequoia,2022 Toyota Sequoia Platinum,"$72,218",New,139 mi. from 30332,Toyota of Greenville
2022 Toyota Sequoia,2022 Toyota Sequoia SR5,"$56,540",New,191 mi. from 30332,Bondy's Toyota of Enterprise
2022 Toyota Camry,2022 Toyota Camry SE,Not Priced,New,31 mi. from 30332,Toyota of Newnan
2022 Toyota Avalon,2022 Toyota Avalon Limited,"$44,925",New,156 mi. from 30332,Serra Toyota of Decatur
2022 Toyota Camry,2022 Toyota Camry SE,"$28,362",New,13 mi. from 30332,Marietta Toyota
2022 Toyota 4Runner,2022 Toyota 4Runner Limited,Not Priced,New,188 mi. from 30332,Toyota of Murfreesboro
2022 Toyota Camry,2022 Toyota Camry XSE,"$39,542",New, mi. from 30332,Jim Ellis Toyota of McDonough
2022 Toyota Avalon,2022 Toyota Avalon Touring,"$46,771",New,14 mi. from 30332,AutoNation Toyota Thornton Road
2021 Toyota Venza,2021 Toyota Venza Limited,"$42,555",New,17 mi. from 30332,Nalley Toyota Union City
2021 Toyota Tundra,2021 Toyota Tundra SR5,"$40,595",New,191 mi. from 30332,Peter Boulware Toyota of Columbia
2022 Toyota 4Runner,2022 Toyota 4Runner TRD Sport,"$43,502",New,161 mi. from 30332,Fox Toyota
2022 Toyota Camry,2022 Toyota Camry SE,"$28,362",New,13 mi. from 30332,Marietta Toyota
2022 Toyota Avalon,2022 Toyota Avalon Hybrid Limited,Not Priced,New,188 mi. from 30332,Toyota of Murfreesboro
2022 Toyota Corolla,2022 Toyota Corolla SE,Not Priced,New,153 mi. from 30332,John Roberts Toyota
2022 Toyota Camry,2022 Toyota Camry Hybrid SE,"$36,736",New,197 mi. from 30332,Roberts Toyota
2021 Toyota RAV4,2021 Toyota RAV4 XLE,Not Priced,New,13 mi. from 30332,Marietta Toyota
2021 Toyota RAV4,2021 Toyota RAV4 XLE,Not Priced,New,13 mi. from 30332,Marietta Toyota
2021 Toyota RAV4,2021 Toyota RAV4 XLE,Not Priced,New,13 mi. from 30332,Marietta Toyota
2021 Toyota RAV4,2021 Toyota RAV4 XLE,Not Priced,New,13 mi. from 30332,Marietta Toyota
2022 Toyota Highlander,2022 Toyota Highlander XLE,Not Priced,New,18 mi. from 30332,Stone Mountain Toyota
2022 Toyota Highlander,2022 Toyota Highlander XLE,Not Priced,New,18 mi. from 30332,Stone Mountain Toyota
2022 Toyota Tacoma,2022 Toyota Tacoma SR5,"$38,479",New,27 mi. from 30332,Jim Ellis Toyota of McDonough
2022 Toyota 4Runner,2022 Toyota 4Runner SR5,Not Priced,New,35 mi. from 30332,Beaver Toyota Cumming
2022 Toyota Tacoma,2022 Toyota Tacoma SR5,Not Priced,New,35 mi. from 30332,Beaver Toyota Cumming
2022 Toyota Sienna,2022 Toyota Sienna XLE,Not Priced,New,35 mi. from 30332,Beaver Toyota Cumming
2022 Toyota Tacoma,2022 Toyota Tacoma TRD Off Road,Not Priced,New,35 mi. from 30332,Beaver Toyota Cumming
2022 Toyota Camry,2022 Toyota Camry LE,Not Priced,New,35 mi. from 30332,Beaver Toyota Cumming
2022 Toyota Highlander,2022 Toyota Highlander XLE,Not Priced,New,35 mi. from 30332,Beaver Toyota Cumming
2022 Toyota 4Runner,2022 Toyota 4Runner SR5 Premium,Not Priced,New,35 mi. from 30332,Beaver Toyota Cumming
2022 Toyota Highlander,2022 Toyota Highlander XLE,Not Priced,New,35 mi. from 30332,Beaver Toyota Cumming
2022 Toyota Corolla,2022 Toyota Corolla Cross L,Not Priced,New,35 mi. from 30332,Beaver Toyota Cumming
2022 Toyota Corolla,2022 Toyota Corolla LE,Not Priced,New,35 mi. from 30332,Beaver Toyota Cumming
2021 Toyota Tacoma,2021 Toyota Tacoma TRD Off Road,Not Priced,New,31 mi. from 30332,Toyota of Newnan
2022 Toyota Tacoma,2022 Toyota Tacoma SR5,Not Priced,New,31 mi. from 30332,Toyota of Newnan
2022 Toyota Highlander,2022 Toyota Highlander LE,Not Priced,New,31 mi. from 30332,Toyota of Newnan
2022 Toyota Tacoma,2022 Toyota Tacoma SR5,Not Priced,New,31 mi. from 30332,Toyota of Newnan
2022 Toyota Sienna,2022 Toyota Sienna XLE 8 Passenger,Not Priced,New,31 mi. from 30332,Toyota of Newnan
2022 Toyota Highlander,2022 Toyota Highlander Limited,Not Priced,New,31 mi. from 30332,Toyota of Newnan
2022 Toyota Tacoma,2022 Toyota Tacoma TRD Sport,Not Priced,New,31 mi. from 30332,Toyota of Newnan
2022 Toyota Tacoma,2022 Toyota Tacoma SR,Not Priced,New,31 mi. from 30332,Toyota of Newnan
2022 Toyota Highlander,2022 Toyota Highlander XSE,Not Priced,New,83 mi. from 30332,Five Star Toyota of Milledgeville
2022 Toyota Sienna,2022 Toyota Sienna XLE 8 Passenger,Not Priced,New,83 mi. from 30332,Five Star Toyota of Milledgeville
2022 Toyota Highlander,2022 Toyota Highlander XSE,Not Priced,New,98 mi. from 30332,Team One Toyota
2022 Toyota Sienna,2022 Toyota Sienna Limited,Not Priced,New,98 mi. from 30332,Team One Toyota
2022 Toyota Corolla,2022 Toyota Corolla LE,Not Priced,New,97 mi. from 30332,Capital Toyota
2021 Toyota RAV4,2021 Toyota RAV4 Prime SE,Not Priced,New,97 mi. from 30332,Capital Toyota
2022 Toyota Camry,2022 Toyota Camry SE,Not Priced,New,97 mi. from 30332,Capital Toyota
2022 Toyota Tacoma,2022 Toyota Tacoma SR,Not Priced,New,97 mi. from 30332,Capital Toyota
2022 Toyota Tacoma,2022 Toyota Tacoma SR,Not Priced,New,97 mi. from 30332,Capital Toyota
2022 Toyota Tacoma,2022 Toyota Tacoma SR,Not Priced,New,97 mi. from 30332,Capital Toyota
2022 Toyota Highlander,2022 Toyota Highlander LE,Not Priced,New,99 mi. from 30332,Toyota of Cleveland
2022 Toyota Highlander,2022 Toyota Highlander XLE,"$46,660",New,112 mi. from 30332,Sand Mountain Toyota
2022 Toyota Highlander,2022 Toyota Highlander Limited,"$47,370",New,112 mi. from 30332,Sand Mountain Toyota
2022 Toyota Highlander,2022 Toyota Highlander XLE,"$43,475",New,112 mi. from 30332,Sand Mountain Toyota
2022 Toyota Tacoma,2022 Toyota Tacoma TRD Off Road,"$39,272",New,123 mi. from 30332,Pitts Toyota
2022 Toyota Camry,2022 Toyota Camry SE,"$29,171",New,134 mi. from 30332,George Ballentine Ford Lincoln Toyota
2022 Toyota Tacoma,2022 Toyota Tacoma SR,Not Priced,New,133 mi. from 30332,Serra Toyota
2022 Toyota Tacoma,2022 Toyota Tacoma SR5,Not Priced,New,133 mi. from 30332,Serra Toyota
2022 Toyota Tacoma,2022 Toyota Tacoma SR5,Not Priced,New,133 mi. from 30332,Serra Toyota
2022 Toyota Highlander,2022 Toyota Highlander L,Not Priced,New,133 mi. from 30332,Serra Toyota
2022 Toyota 4Runner,2022 Toyota 4Runner SR5,"$43,297",New,139 mi. from 30332,Toyota of Greenville
2021 Toyota RAV4,2021 Toyota RAV4 LE,"$29,422",New,139 mi. from 30332,Toyota of Greenville
2021 Toyota RAV4,2021 Toyota RAV4 LE,"$28,832",New,139 mi. from 30332,Toyota of Greenville
2022 Toyota Tacoma,2022 Toyota Tacoma TRD Sport,"$36,969",New,139 mi. from 30332,Toyota of Greenville
2021 Toyota RAV4,2021 Toyota RAV4 Limited,"$41,943",New,139 mi. from 30332,Toyota of Greenville
2022 Toyota Highlander,2022 Toyota Highlander XLE,"$44,117",New,139 mi. from 30332,Toyota of Greenville
2022 Toyota Tacoma,2022 Toyota Tacoma TRD Off Road,"$46,396",New,139 mi. from 30332,Toyota of Greenville
2021 Toyota RAV4,2021 Toyota RAV4 XLE,"$28,820",New,139 mi. from 30332,Toyota of Greenville
2022 Toyota Avalon,2022 Toyota Avalon Hybrid Limited,"$47,399",New,139 mi. from 30332,Toyota of Greenville
2022 Toyota 4Runner,2022 Toyota 4Runner SR5 Premium,"$41,770",New,139 mi. from 30332,Toyota of Greenville
2022 Toyota Camry,2022 Toyota Camry LE,"$26,677",New,139 mi. from 30332,Toyota of Greenville
2021 Toyota RAV4,2021 Toyota RAV4 Hybrid XLE Premium,"$36,689",New,139 mi. from 30332,Toyota of Greenville
2022 Toyota Highlander,2022 Toyota Highlander Hybrid LE,"$42,284",New,139 mi. from 30332,Toyota of Greenville
2022 Toyota Camry,2022 Toyota Camry SE,"$29,210",New,139 mi. from 30332,Toyota of Greenville
2022 Toyota Camry,2022 Toyota Camry XSE V6,"$34,925",New,139 mi. from 30332,Toyota of Greenville
2022 Toyota Sequoia,2022 Toyota Sequoia Limited,"$66,925",New,139 mi. from 30332,Toyota of Greenville
2021 Toyota RAV4,2021 Toyota RAV4 LE,"$28,832",New,139 mi. from 30332,Toyota of Greenville
2022 Toyota Tacoma,2022 Toyota Tacoma SR5,"$35,751",New,139 mi. from 30332,Toyota of Greenville
2022 Toyota Highlander,2022 Toyota Highlander XSE,"$46,954",New,139 mi. from 30332,Toyota of Greenville
2022 Toyota Corolla,2022 Toyota Corolla Hybrid LE,"$27,274",New,139 mi. from 30332,Toyota of Greenville
2020 Toyota Camry,2020 Toyota Camry ,Not Priced,New,149 mi. from 30332,Bob Richards Nissan
2022 Toyota Highlander,2022 Toyota Highlander LE,"$40,797",New,149 mi. from 30332,Bob Richards Toyota
2022 Toyota Tacoma,2022 Toyota Tacoma SR5,"$36,792",New,149 mi. from 30332,Bob Richards Toyota
2022 Toyota Tacoma,2022 Toyota Tacoma SR5,"$38,873",New,149 mi. from 30332,Bob Richards Toyota
2022 Toyota 4Runner,2022 Toyota 4Runner TRD Pro,Not Priced,New,145 mi. from 30332,Toyota Knoxville
2022 Toyota Corolla,2022 Toyota Corolla Hatchback XSE,Not Priced,New,145 mi. from 30332,Toyota Knoxville
2022 Toyota Tacoma,2022 Toyota Tacoma SR,Not Priced,New,145 mi. from 30332,Toyota Knoxville
2022 Toyota Corolla,2022 Toyota Corolla SE,Not Priced,New,145 mi. from 30332,Toyota Knoxville
2022 Toyota 4Runner,2022 Toyota 4Runner Limited,Not Priced,New,145 mi. from 30332,Toyota Knoxville
2022 Toyota 4Runner,2022 Toyota 4Runner SR5 Premium,Not Priced,New,145 mi. from 30332,Toyota Knoxville
2022 Toyota Tacoma,2022 Toyota Tacoma SR,Not Priced,New,145 mi. from 30332,Toyota Knoxville
2022 Toyota 4Runner,2022 Toyota 4Runner Limited,Not Priced,New,145 mi. from 30332,Toyota Knoxville
2022 Toyota Tacoma,2022 Toyota Tacoma TRD Off Road,Not Priced,New,145 mi. from 30332,Toyota Knoxville
2021 Toyota Venza,2021 Toyota Venza LE,Not Priced,New,145 mi. from 30332,Toyota Knoxville
2022 Toyota Tacoma,2022 Toyota Tacoma TRD Sport,Not Priced,New,145 mi. from 30332,Toyota Knoxville
2021 Toyota RAV4,2021 Toyota RAV4 XLE,Not Priced,New,145 mi. from 30332,Toyota Knoxville
2022 Toyota 4Runner,2022 Toyota 4Runner SR5 Premium,Not Priced,New,145 mi. from 30332,Toyota Knoxville
2021 Toyota RAV4,2021 Toyota RAV4 LE,Not Priced,New,145 mi. from 30332,Toyota Knoxville
2022 Toyota Tundra,2022 Toyota Tundra Limited,Not Priced,New,145 mi. from 30332,Toyota Knoxville
2022 Toyota 4Runner,2022 Toyota 4Runner SR5 Premium,Not Priced,New,145 mi. from 30332,Toyota Knoxville
2021 Toyota RAV4,2021 Toyota RAV4 XLE Premium,Not Priced,New,145 mi. from 30332,Toyota Knoxville
2022 Toyota Highlander,2022 Toyota Highlander Hybrid LE,Not Priced,New,145 mi. from 30332,Toyota Knoxville
2021 Toyota RAV4,2021 Toyota RAV4 XLE,Not Priced,New,145 mi. from 30332,Toyota Knoxville
2022 Toyota Tacoma,2022 Toyota Tacoma SR,Not Priced,New,145 mi. from 30332,Toyota Knoxville
2022 Toyota Corolla,2022 Toyota Corolla Hybrid LE,Not Priced,New,145 mi. from 30332,Toyota Knoxville
2022 Toyota Highlander,2022 Toyota Highlander XSE,Not Priced,New,145 mi. from 30332,Toyota Knoxville
2022 Toyota 4Runner,2022 Toyota 4Runner Limited,"$51,739",New, mi. from 30332,Jim Ellis Toyota of McDonough
2022 Toyota Camry,2022 Toyota Camry XSE V6,Not Priced,New,145 mi. from 30332,Toyota Knoxville
2022 Toyota 4Runner,2022 Toyota 4Runner SR5 Premium,Not Priced,New,145 mi. from 30332,Toyota Knoxville
2022 Toyota 4Runner,2022 Toyota 4Runner TRD Off Road Premium,Not Priced,New,145 mi. from 30332,Toyota Knoxville
2022 Toyota 4Runner,2022 Toyota 4Runner SR5 Premium,Not Priced,New,145 mi. from 30332,Toyota Knoxville
2022 Toyota Tacoma,2022 Toyota Tacoma SR,Not Priced,New,145 mi. from 30332,Toyota Knoxville
2022 Toyota 4Runner,2022 Toyota 4Runner TRD Sport,Not Priced,New,145 mi. from 30332,Toyota Knoxville
2021 Toyota RAV4,2021 Toyota RAV4 LE,Not Priced,New,145 mi. from 30332,Toyota Knoxville
2022 Toyota 4Runner,2022 Toyota 4Runner Trail Special Edition,Not Priced,New,145 mi. from 30332,Toyota Knoxville
2022 Toyota Camry,2022 Toyota Camry LE,Not Priced,New,145 mi. from 30332,Toyota Knoxville
2022 Toyota Tacoma,2022 Toyota Tacoma TRD Off Road,Not Priced,New,145 mi. from 30332,Toyota Knoxville
2021 Toyota RAV4,2021 Toyota RAV4 Hybrid XSE,Not Priced,New,145 mi. from 30332,Toyota Knoxville
2022 Toyota Prius,2022 Toyota Prius Nightshade,Not Priced,New,145 mi. from 30332,Toyota Knoxville
2021 Toyota RAV4,2021 Toyota RAV4 XLE,Not Priced,New,145 mi. from 30332,Toyota Knoxville
2022 Toyota 4Runner,2022 Toyota 4Runner Limited,Not Priced,New,145 mi. from 30332,Toyota Knoxville
2022 Toyota Highlander,2022 Toyota Highlander Hybrid Platinum,Not Priced,New,145 mi. from 30332,Toyota Knoxville
2021 Toyota RAV4,2021 Toyota RAV4 LE,Not Priced,New,145 mi. from 30332,Toyota Knoxville
2022 Toyota Tacoma,2022 Toyota Tacoma SR5,Not Priced,New,145 mi. from 30332,Toyota Knoxville
2022 Toyota Avalon,2022 Toyota Avalon Hybrid XSE Nightshade,Not Priced,New,145 mi. from 30332,Toyota Knoxville
2022 Toyota 4Runner,2022 Toyota 4Runner Limited,Not Priced,New,145 mi. from 30332,Toyota Knoxville
2022 Toyota 4Runner,2022 Toyota 4Runner Limited,Not Priced,New,145 mi. from 30332,Toyota Knoxville
2021 Toyota RAV4,2021 Toyota RAV4 XLE,Not Priced,New,145 mi. from 30332,Toyota Knoxville
2021 Toyota RAV4,2021 Toyota RAV4 Hybrid XLE,Not Priced,New,145 mi. from 30332,Toyota Knoxville
2021 Toyota RAV4,2021 Toyota RAV4 Hybrid XLE,Not Priced,New,145 mi. from 30332,Toyota Knoxville
2021 Toyota RAV4,2021 Toyota RAV4 Prime XSE,Not Priced,New,145 mi. from 30332,Toyota Knoxville
2021 Toyota RAV4,2021 Toyota RAV4 Hybrid XLE,Not Priced,New,145 mi. from 30332,Toyota Knoxville
2022 Toyota 4Runner,2022 Toyota 4Runner SR5 Premium,Not Priced,New,145 mi. from 30332,Toyota Knoxville
2022 Toyota 4Runner,2022 Toyota 4Runner TRD Off Road Premium,Not Priced,New,145 mi. from 30332,Toyota Knoxville
2022 Toyota 4Runner,2022 Toyota 4Runner Limited,Not Priced,New,145 mi. from 30332,Toyota Knoxville
2022 Toyota 4Runner,2022 Toyota 4Runner TRD Sport,Not Priced,New,145 mi. from 30332,Toyota Knoxville
2021 Toyota C-HR,2021 Toyota C-HR XLE,Not Priced,New,145 mi. from 30332,Toyota Knoxville
2021 Toyota RAV4,2021 Toyota RAV4 Adventure,Not Priced,New,145 mi. from 30332,Toyota Knoxville
2022 Toyota 4Runner,2022 Toyota 4Runner TRD Off Road Premium,Not Priced,New,145 mi. from 30332,Toyota Knoxville
2022 Toyota Corolla,2022 Toyota Corolla Cross LE,Not Priced,New,145 mi. from 30332,Toyota Knoxville
2021 Toyota Venza,2021 Toyota Venza XLE,Not Priced,New,145 mi. from 30332,Toyota Knoxville
2022 Toyota Camry,2022 Toyota Camry SE,Not Priced,New,145 mi. from 30332,Toyota Knoxville
2022 Toyota 4Runner,2022 Toyota 4Runner TRD Off Road Premium,Not Priced,New,145 mi. from 30332,Toyota Knoxville
2021 Toyota RAV4,2021 Toyota RAV4 Hybrid XSE,Not Priced,New,145 mi. from 30332,Toyota Knoxville
2021 Toyota RAV4,2021 Toyota RAV4 Hybrid XLE,Not Priced,New,145 mi. from 30332,Toyota Knoxville
2022 Toyota Tacoma,2022 Toyota Tacoma TRD Off Road,Not Priced,New,145 mi. from 30332,Toyota Knoxville
2021 Toyota Venza,2021 Toyota Venza XLE,Not Priced,New,145 mi. from 30332,Toyota Knoxville
2022 Toyota 4Runner,2022 Toyota 4Runner TRD Off Road Premium,Not Priced,New,145 mi. from 30332,Toyota Knoxville
2022 Toyota 4Runner,2022 Toyota 4Runner TRD Off Road Premium,Not Priced,New,145 mi. from 30332,Toyota Knoxville
2022 Toyota 4Runner,2022 Toyota 4Runner Limited,Not Priced,New,145 mi. from 30332,Toyota Knoxville
2022 Toyota Tacoma,2022 Toyota Tacoma SR,Not Priced,New,145 mi. from 30332,Toyota Knoxville
2021 Toyota RAV4,2021 Toyota RAV4 XLE Premium,Not Priced,New,145 mi. from 30332,Toyota Knoxville
2021 Toyota C-HR,2021 Toyota C-HR LE,Not Priced,New,145 mi. from 30332,Toyota Knoxville
2021 Toyota RAV4,2021 Toyota RAV4 Hybrid XLE Premium,Not Priced,New,145 mi. from 30332,Toyota Knoxville
2021 Toyota RAV4,2021 Toyota RAV4 Hybrid LE,Not Priced,New,145 mi. from 30332,Toyota Knoxville
2022 Toyota 4Runner,2022 Toyota 4Runner Limited,Not Priced,New,145 mi. from 30332,Toyota Knoxville
2022 Toyota Corolla,2022 Toyota Corolla Cross XLE,Not Priced,New,145 mi. from 30332,Toyota Knoxville
2022 Toyota Camry,2022 Toyota Camry SE,Not Priced,New,145 mi. from 30332,Toyota Knoxville
2022 Toyota 4Runner,2022 Toyota 4Runner Limited,Not Priced,New,145 mi. from 30332,Toyota Knoxville
2022 Toyota Sienna,2022 Toyota Sienna XLE,Not Priced,New,145 mi. from 30332,Toyota Knoxville
2022 Toyota Tundra,2022 Toyota Tundra Limited,"$60,627",New,157 mi. from 30332,Landers McLarty Toyota
2022 Toyota Highlander,2022 Toyota Highlander XLE,"$46,479",New,157 mi. from 30332,Landers McLarty Toyota
2022 Toyota Tacoma,2022 Toyota Tacoma SR,"$31,936",New,157 mi. from 30332,Landers McLarty Toyota
2022 Toyota Tacoma,2022 Toyota Tacoma SR5,"$40,031",New,157 mi. from 30332,Landers McLarty Toyota
2022 Toyota Tacoma,2022 Toyota Tacoma SR,"$31,937",New,157 mi. from 30332,Landers McLarty Toyota
2022 Toyota Tacoma,2022 Toyota Tacoma SR,"$37,791",New,157 mi. from 30332,Landers McLarty Toyota
2022 Toyota Tacoma,2022 Toyota Tacoma SR5,"$35,962",New,157 mi. from 30332,Landers McLarty Toyota
2022 Toyota Highlander,2022 Toyota Highlander Hybrid Platinum,"$56,391",New,157 mi. from 30332,Landers McLarty Toyota
2022 Toyota Tundra,2022 Toyota Tundra SR5,"$48,995",New,157 mi. from 30332,Landers McLarty Toyota
2022 Toyota Tundra,2022 Toyota Tundra SR,"$40,468",New,157 mi. from 30332,Landers McLarty Toyota
2022 Toyota Sienna,2022 Toyota Sienna XLE,"$47,192",New,157 mi. from 30332,Landers McLarty Toyota
2022 Toyota Sequoia,2022 Toyota Sequoia Platinum,Not Priced,New,161 mi. from 30332,Bryan Easler Toyota
2022 Toyota Tacoma,2022 Toyota Tacoma TRD Off Road,Not Priced,New,161 mi. from 30332,Bryan Easler Toyota
2021 Toyota Camry,2021 Toyota Camry SE,Not Priced,New,156 mi. from 30332,Serra Toyota of Decatur
2021 Toyota Tacoma,2021 Toyota Tacoma TRD Sport,Not Priced,New,156 mi. from 30332,Serra Toyota of Decatur
2021 Toyota Tacoma,2021 Toyota Tacoma SR5,Not Priced,New,156 mi. from 30332,Serra Toyota of Decatur
2021 Toyota Highlander,2021 Toyota Highlander Platinum,Not Priced,New,156 mi. from 30332,Serra Toyota of Decatur
2021 Toyota Tundra,2021 Toyota Tundra Limited,Not Priced,New,156 mi. from 30332,Serra Toyota of Decatur
2021 Toyota C-HR,2021 Toyota C-HR LE,Not Priced,New,156 mi. from 30332,Serra Toyota of Decatur
2020 Toyota Corolla,2020 Toyota Corolla LE,Not Priced,New,156 mi. from 30332,Serra Toyota of Decatur
2021 Toyota Highlander,2021 Toyota Highlander Platinum,Not Priced,New,156 mi. from 30332,Serra Toyota of Decatur
2021 Toyota Camry,2021 Toyota Camry XSE,Not Priced,New,156 mi. from 30332,Serra Toyota of Decatur
2021 Toyota Camry,2021 Toyota Camry SE,Not Priced,New,156 mi. from 30332,Serra Toyota of Decatur
2021 Toyota Highlander,2021 Toyota Highlander Platinum,Not Priced,New,156 mi. from 30332,Serra Toyota of Decatur
2021 Toyota Camry,2021 Toyota Camry SE,Not Priced,New,156 mi. from 30332,Serra Toyota of Decatur
2021 Toyota Camry,2021 Toyota Camry SE,Not Priced,New,156 mi. from 30332,Serra Toyota of Decatur
2021 Toyota Highlander,2021 Toyota Highlander XLE,Not Priced,New,156 mi. from 30332,Serra Toyota of Decatur
2021 Toyota Camry,2021 Toyota Camry LE,Not Priced,New,156 mi. from 30332,Serra Toyota of Decatur
2021 Toyota Highlander,2021 Toyota Highlander XLE,Not Priced,New,156 mi. from 30332,Serra Toyota of Decatur
2021 Toyota Tacoma,2021 Toyota Tacoma SR5,Not Priced,New,156 mi. from 30332,Serra Toyota of Decatur
2021 Toyota Corolla,2021 Toyota Corolla SE,Not Priced,New,156 mi. from 30332,Serra Toyota of Decatur
2021 Toyota Tundra,2021 Toyota Tundra Limited,Not Priced,New,156 mi. from 30332,Serra Toyota of Decatur
2021 Toyota Venza,2021 Toyota Venza Limited,Not Priced,New,156 mi. from 30332,Serra Toyota of Decatur
2021 Toyota Camry,2021 Toyota Camry SE,Not Priced,New,156 mi. from 30332,Serra Toyota of Decatur
2021 Toyota Corolla,2021 Toyota Corolla Nightshade,Not Priced,New,156 mi. from 30332,Serra Toyota of Decatur
2021 Toyota 4Runner,2021 Toyota 4Runner Venture,Not Priced,New,156 mi. from 30332,Serra Toyota of Decatur
2021 Toyota Tundra,2021 Toyota Tundra Limited,Not Priced,New,156 mi. from 30332,Serra Toyota of Decatur
2021 Toyota Tacoma,2021 Toyota Tacoma SR5,Not Priced,New,156 mi. from 30332,Serra Toyota of Decatur
2021 Toyota Tacoma,2021 Toyota Tacoma TRD Sport,Not Priced,New,156 mi. from 30332,Serra Toyota of Decatur
2021 Toyota Tacoma,2021 Toyota Tacoma TRD Off Road,Not Priced,New,156 mi. from 30332,Serra Toyota of Decatur
2021 Toyota C-HR,2021 Toyota C-HR LE,Not Priced,New,156 mi. from 30332,Serra Toyota of Decatur
2021 Toyota Camry,2021 Toyota Camry LE,Not Priced,New,156 mi. from 30332,Serra Toyota of Decatur
2021 Toyota RAV4,2021 Toyota RAV4 XLE Premium,Not Priced,New,156 mi. from 30332,Serra Toyota of Decatur
2021 Toyota Corolla,2021 Toyota Corolla LE,Not Priced,New,156 mi. from 30332,Serra Toyota of Decatur
2021 Toyota C-HR,2021 Toyota C-HR LE,Not Priced,New,156 mi. from 30332,Serra Toyota of Decatur
2021 Toyota Highlander,2021 Toyota Highlander Hybrid Platinum,Not Priced,New,156 mi. from 30332,Serra Toyota of Decatur
2022 Toyota Camry,2022 Toyota Camry XSE,"$37,532",New, mi. from 30332,Jim Ellis Toyota of McDonough
2021 Toyota RAV4,2021 Toyota RAV4 XLE Premium,Not Priced,New,156 mi. from 30332,Serra Toyota of Decatur
2021 Toyota C-HR,2021 Toyota C-HR LE,Not Priced,New,156 mi. from 30332,Serra Toyota of Decatur
2021 Toyota Camry,2021 Toyota Camry XSE,Not Priced,New,156 mi. from 30332,Serra Toyota of Decatur
2021 Toyota Tacoma,2021 Toyota Tacoma TRD Sport,Not Priced,New,156 mi. from 30332,Serra Toyota of Decatur
2021 Toyota Highlander,2021 Toyota Highlander XSE,Not Priced,New,156 mi. from 30332,Serra Toyota of Decatur
2021 Toyota Highlander,2021 Toyota Highlander Limited,Not Priced,New,156 mi. from 30332,Serra Toyota of Decatur
2021 Toyota Camry,2021 Toyota Camry Hybrid XLE,Not Priced,New,156 mi. from 30332,Serra Toyota of Decatur
2021 Toyota Camry,2021 Toyota Camry SE,Not Priced,New,156 mi. from 30332,Serra Toyota of Decatur
2021 Toyota Highlander,2021 Toyota Highlander Platinum,Not Priced,New,156 mi. from 30332,Serra Toyota of Decatur
2021 Toyota Tacoma,2021 Toyota Tacoma TRD Sport,Not Priced,New,156 mi. from 30332,Serra Toyota of Decatur
2021 Toyota Tacoma,2021 Toyota Tacoma SR5,Not Priced,New,156 mi. from 30332,Serra Toyota of Decatur
2021 Toyota Highlander,2021 Toyota Highlander XSE,Not Priced,New,156 mi. from 30332,Serra Toyota of Decatur
2021 Toyota Camry,2021 Toyota Camry XSE,Not Priced,New,156 mi. from 30332,Serra Toyota of Decatur
2021 Toyota Camry,2021 Toyota Camry SE,Not Priced,New,156 mi. from 30332,Serra Toyota of Decatur
2021 Toyota Camry,2021 Toyota Camry SE,Not Priced,New,156 mi. from 30332,Serra Toyota of Decatur
2021 Toyota Tacoma,2021 Toyota Tacoma TRD Off Road,Not Priced,New,156 mi. from 30332,Serra Toyota of Decatur
2021 Toyota Camry,2021 Toyota Camry LE,Not Priced,New,156 mi. from 30332,Serra Toyota of Decatur
2021 Toyota Camry,2021 Toyota Camry XSE,Not Priced,New,156 mi. from 30332,Serra Toyota of Decatur
2021 Toyota Tacoma,2021 Toyota Tacoma SR5,Not Priced,New,156 mi. from 30332,Serra Toyota of Decatur
2021 Toyota Tundra,2021 Toyota Tundra SR,Not Priced,New,156 mi. from 30332,Serra Toyota of Decatur
2021 Toyota 4Runner,2021 Toyota 4Runner Venture,Not Priced,New,156 mi. from 30332,Serra Toyota of Decatur
2021 Toyota Corolla,2021 Toyota Corolla LE,Not Priced,New,156 mi. from 30332,Serra Toyota of Decatur
2021 Toyota Camry,2021 Toyota Camry LE,Not Priced,New,156 mi. from 30332,Serra Toyota of Decatur
2021 Toyota Camry,2021 Toyota Camry LE,Not Priced,New,156 mi. from 30332,Serra Toyota of Decatur
2021 Toyota Camry,2021 Toyota Camry SE,Not Priced,New,156 mi. from 30332,Serra Toyota of Decatur
2022 Toyota Corolla,2022 Toyota Corolla SE,Not Priced,New,156 mi. from 30332,Serra Toyota of Decatur
2021 Toyota Highlander,2021 Toyota Highlander Limited,Not Priced,New,156 mi. from 30332,Serra Toyota of Decatur
2021 Toyota Corolla,2021 Toyota Corolla Nightshade,Not Priced,New,156 mi. from 30332,Serra Toyota of Decatur
2021 Toyota Venza,2021 Toyota Venza Limited,Not Priced,New,156 mi. from 30332,Serra Toyota of Decatur
2021 Toyota RAV4,2021 Toyota RAV4 XLE,"$29,229",New,156 mi. from 30332,Serra Toyota of Decatur
2021 Toyota Camry,2021 Toyota Camry SE,Not Priced,New,156 mi. from 30332,Serra Toyota of Decatur
2021 Toyota Corolla,2021 Toyota Corolla LE,Not Priced,New,156 mi. from 30332,Serra Toyota of Decatur
2021 Toyota Camry,2021 Toyota Camry SE,Not Priced,New,156 mi. from 30332,Serra Toyota of Decatur
2021 Toyota Camry,2021 Toyota Camry XSE,Not Priced,New,156 mi. from 30332,Serra Toyota of Decatur
2021 Toyota Tundra,2021 Toyota Tundra Limited,Not Priced,New,156 mi. from 30332,Serra Toyota of Decatur
2020 Toyota Camry,2020 Toyota Camry SE,Not Priced,New,156 mi. from 30332,Serra Toyota of Decatur
2021 Toyota Tundra,2021 Toyota Tundra Limited,Not Priced,New,156 mi. from 30332,Serra Toyota of Decatur
2021 Toyota Camry,2021 Toyota Camry Hybrid XLE,Not Priced,New,156 mi. from 30332,Serra Toyota of Decatur
2021 Toyota Highlander,2021 Toyota Highlander XLE,Not Priced,New,156 mi. from 30332,Serra Toyota of Decatur
2021 Toyota Camry,2021 Toyota Camry SE,Not Priced,New,156 mi. from 30332,Serra Toyota of Decatur
2021 Toyota Camry,2021 Toyota Camry SE,Not Priced,New,156 mi. from 30332,Serra Toyota of Decatur
2021 Toyota Camry,2021 Toyota Camry SE,Not Priced,New,156 mi. from 30332,Serra Toyota of Decatur
2021 Toyota Camry,2021 Toyota Camry SE,Not Priced,New,156 mi. from 30332,Serra Toyota of Decatur
2021 Toyota Tacoma,2021 Toyota Tacoma SR5,Not Priced,New,156 mi. from 30332,Serra Toyota of Decatur
2021 Toyota Highlander,2021 Toyota Highlander LE,Not Priced,New,156 mi. from 30332,Serra Toyota of Decatur
2021 Toyota Tundra,2021 Toyota Tundra Limited,Not Priced,New,156 mi. from 30332,Serra Toyota of Decatur
2021 Toyota 4Runner,2021 Toyota 4Runner Limited,Not Priced,New,156 mi. from 30332,Serra Toyota of Decatur
2021 Toyota Camry,2021 Toyota Camry SE,Not Priced,New,156 mi. from 30332,Serra Toyota of Decatur
2021 Toyota Camry,2021 Toyota Camry SE,Not Priced,New,156 mi. from 30332,Serra Toyota of Decatur
2021 Toyota Camry,2021 Toyota Camry SE,Not Priced,New,156 mi. from 30332,Serra Toyota of Decatur
2021 Toyota Camry,2021 Toyota Camry SE,Not Priced,New,156 mi. from 30332,Serra Toyota of Decatur
2021 Toyota Highlander,2021 Toyota Highlander XLE,Not Priced,New,156 mi. from 30332,Serra Toyota of Decatur
2021 Toyota Highlander,2021 Toyota Highlander Limited,Not Priced,New,156 mi. from 30332,Serra Toyota of Decatur
2022 Toyota Tacoma,2022 Toyota Tacoma TRD Off Road,"$38,785",New,156 mi. from 30332,Serra Toyota of Decatur
2021 Toyota Corolla,2021 Toyota Corolla LE,Not Priced,New,156 mi. from 30332,Serra Toyota of Decatur
2022 Toyota Highlander,2022 Toyota Highlander XLE,"$42,990",New,156 mi. from 30332,Serra Toyota of Decatur
2021 Toyota Camry,2021 Toyota Camry LE,Not Priced,New,156 mi. from 30332,Serra Toyota of Decatur
2021 Toyota Highlander,2021 Toyota Highlander L,Not Priced,New,156 mi. from 30332,Serra Toyota of Decatur
2021 Toyota Camry,2021 Toyota Camry SE,Not Priced,New,156 mi. from 30332,Serra Toyota of Decatur
2021 Toyota Corolla,2021 Toyota Corolla SE,Not Priced,New,156 mi. from 30332,Serra Toyota of Decatur
2021 Toyota Camry,2021 Toyota Camry SE,Not Priced,New,156 mi. from 30332,Serra Toyota of Decatur
2020 Toyota Highlander,2020 Toyota Highlander Platinum,Not Priced,New,156 mi. from 30332,Serra Toyota of Decatur
2021 Toyota Camry,2021 Toyota Camry Hybrid XLE,Not Priced,New,156 mi. from 30332,Serra Toyota of Decatur
2021 Toyota Camry,2021 Toyota Camry XSE,Not Priced,New,156 mi. from 30332,Serra Toyota of Decatur
2021 Toyota Tacoma,2021 Toyota Tacoma SR5,Not Priced,New,156 mi. from 30332,Serra Toyota of Decatur
2021 Toyota Highlander,2021 Toyota Highlander Platinum,Not Priced,New,156 mi. from 30332,Serra Toyota of Decatur
2021 Toyota Camry,2021 Toyota Camry SE,Not Priced,New,156 mi. from 30332,Serra Toyota of Decatur
2021 Toyota Sienna,2021 Toyota Sienna XSE 7 Passenger,Not Priced,New,156 mi. from 30332,Serra Toyota of Decatur
2021 Toyota Camry,2021 Toyota Camry SE,Not Priced,New,156 mi. from 30332,Serra Toyota of Decatur
2021 Toyota Highlander,2021 Toyota Highlander Platinum,Not Priced,New,156 mi. from 30332,Serra Toyota of Decatur
2021 Toyota Tacoma,2021 Toyota Tacoma SR,Not Priced,New,156 mi. from 30332,Serra Toyota of Decatur
2021 Toyota Highlander,2021 Toyota Highlander Limited,Not Priced,New,156 mi. from 30332,Serra Toyota of Decatur
2020 Toyota Camry,2020 Toyota Camry SE Nightshade,Not Priced,New,156 mi. from 30332,Serra Toyota of Decatur
2021 Toyota Venza,2021 Toyota Venza Limited,Not Priced,New,156 mi. from 30332,Serra Toyota of Decatur
2021 Toyota Camry,2021 Toyota Camry XLE,Not Priced,New,156 mi. from 30332,Serra Toyota of Decatur
2022 Toyota Highlander,2022 Toyota Highlander XLE,Not Priced,New,156 mi. from 30332,Serra Toyota of Decatur
2020 Toyota Corolla,2020 Toyota Corolla SE,Not Priced,New,161 mi. from 30332,Fred Anderson Toyota of Asheville
2022 Toyota 4Runner,2022 Toyota 4Runner SR5 Premium,Not Priced,New,161 mi. from 30332,Fred Anderson Toyota of Asheville
2022 Toyota Tacoma,2022 Toyota Tacoma TRD Sport,Not Priced,New,161 mi. from 30332,Fred Anderson Toyota of Asheville
2022 Toyota Corolla,2022 Toyota Corolla Hatchback SE,Not Priced,New,161 mi. from 30332,Fred Anderson Toyota of Asheville
2022 Toyota Highlander,2022 Toyota Highlander LE,Not Priced,New,161 mi. from 30332,Fred Anderson Toyota of Asheville
2021 Toyota RAV4,2021 Toyota RAV4 Hybrid XSE,Not Priced,New,161 mi. from 30332,Fred Anderson Toyota of Asheville
2022 Toyota Camry,2022 Toyota Camry SE,Not Priced,New,161 mi. from 30332,Fred Anderson Toyota of Asheville
2022 Toyota 4Runner,2022 Toyota 4Runner Limited,Not Priced,New,161 mi. from 30332,Fred Anderson Toyota of Asheville
2022 Toyota 4Runner,2022 Toyota 4Runner Limited,Not Priced,New,161 mi. from 30332,Fred Anderson Toyota of Asheville
2021 Toyota RAV4,2021 Toyota RAV4 Hybrid LE,Not Priced,New,161 mi. from 30332,Fred Anderson Toyota of Asheville
2021 Toyota RAV4,2021 Toyota RAV4 Hybrid LE,Not Priced,New,161 mi. from 30332,Fred Anderson Toyota of Asheville
2022 Toyota Prius,2022 Toyota Prius Limited,Not Priced,New,161 mi. from 30332,Fred Anderson Toyota of Asheville
2022 Toyota Corolla,2022 Toyota Corolla Cross LE,Not Priced,New,161 mi. from 30332,Fred Anderson Toyota of Asheville
2021 Toyota C-HR,2021 Toyota C-HR Nightshade,Not Priced,New,161 mi. from 30332,Fred Anderson Toyota of Asheville
2022 Toyota Prius,2022 Toyota Prius LE,Not Priced,New,161 mi. from 30332,Fred Anderson Toyota of Asheville
2021 Toyota RAV4,2021 Toyota RAV4 Hybrid LE,Not Priced,New,161 mi. from 30332,Fred Anderson Toyota of Asheville
2021 Toyota RAV4,2021 Toyota RAV4 Hybrid LE,Not Priced,New,161 mi. from 30332,Fred Anderson Toyota of Asheville
2022 Toyota Highlander,2022 Toyota Highlander Hybrid Limited,Not Priced,New,161 mi. from 30332,Fred Anderson Toyota of Asheville
2022 Toyota Corolla,2022 Toyota Corolla Cross LE,Not Priced,New,161 mi. from 30332,Fred Anderson Toyota of Asheville
2021 Toyota RAV4,2021 Toyota RAV4 LE,Not Priced,New,161 mi. from 30332,Fred Anderson Toyota of Asheville
2022 Toyota Corolla,2022 Toyota Corolla L,Not Priced,New,161 mi. from 30332,Fred Anderson Toyota of Asheville
2021 Toyota RAV4,2021 Toyota RAV4 Hybrid LE,Not Priced,New,161 mi. from 30332,Fred Anderson Toyota of Asheville
2021 Toyota RAV4,2021 Toyota RAV4 Hybrid LE,Not Priced,New,161 mi. from 30332,Fred Anderson Toyota of Asheville
2021 Toyota RAV4,2021 Toyota RAV4 Hybrid LE,Not Priced,New,161 mi. from 30332,Fred Anderson Toyota of Asheville
